Name;Born;Died;Age;Gender;Marital Status;Category;Class;Survived
ABBING, Anthony;1870;1912;41;Male;Single;Passenger;3rd Class;Lost
ABBOTT, Ernest Owen;1891;1912;21;Male;Single;Crew;Victualling;Lost
ABBOTT, Eugene Joseph;1899;1912;13;Male;;Passenger;3rd Class;Lost
ABELSON, Samuel;1882;1912;30;Male;Married;Passenger;2nd Class;Lost
ABRAMS, William Thomas;1878;1912;34;Male;Married;Crew;Engine;Lost
ADAMS, Robert John;1885;1912;26;Male;Single;Crew;Engine;Lost
AHIER, Percy Snowden;1892;1912;20;Male;Single;Crew;Victualling;Lost
AHLIN, Johanna Persdotter;1871;1912;40;Female;Married;Passenger;3rd Class;Lost
AHMED, Ali;1888;1912;24;Male;;Passenger;3rd Class;Lost
AKERMAN, Albert Edward;1880;1912;31;Male;Single;Crew;Victualling;Lost
AL-MUNÀ, Farīd Husayn Qāsim;1893;1912;19;Male;Married;Passenger;3rd Class;Lost
ALDWORTH, Augustus Henry;1877;1912;35;Male;Married;Passenger;2nd Class;Lost
ALEXANDER, William Albert;1887;1912;24;Male;Single;Passenger;3rd Class;Lost
ALHOMÄKI, Ilmari Rudolf;1893;1912;19;Male;Single;Passenger;3rd Class;Lost
ALLEN, George;1886;1912;26;Male;Married;Crew;Victualling;Lost
ALLEN, Robert Spencer;1876;1912;35;Male;Married;Crew;Victualling;Lost
ALLEN, William Henry;1873;1912;39;Male;Married;Passenger;3rd Class;Lost
ALLISON, Bess Waldo;1886;1912;25;Female;Married;Passenger;1st Class;Lost
ALLISON, Helen Loraine;1909;1912;2;Female;;Passenger;1st Class;Lost
ALLSOP, Alfred Samuel;1876;1912;36;Male;Married;Crew;Engine;Lost
ALLSOP, Frank Richard;1868;1912;43;Male;Married;Crew;Victualling;Lost
ANDERSSON, Alfrida Konstantia Brogren;1872;1912;39;Female;Married;Passenger;3rd Class;Lost
ANDERSSON, Anders Johan;1873;1912;39;Male;Married;Passenger;3rd Class;Lost
ANDERSSON, Ebba Iris Alfrida;1905;1912;6;Female;;Passenger;3rd Class;Lost
ANDERSSON, Ellis Anna Maria;1910;1912;2;Female;;Passenger;3rd Class;Lost
ANDERSSON, Ida Augusta Margareta;1873;1912;38;Female;Single;Passenger;3rd Class;Lost
ANDERSSON, Ingeborg Constanzia;1902;1912;9;Female;;Passenger;3rd Class;Lost
ANDERSSON, Johan Samuel;1885;1912;26;Male;Single;Passenger;3rd Class;Lost
ANDERSSON, Sigrid Elisabeth;1900;1912;11;Female;;Passenger;3rd Class;Lost
ANDERSSON, Sigvard Harald Elias;1907;1912;4;Male;;Passenger;3rd Class;Lost
ANDREASSON, Pål Edvin;1892;1912;20;Male;Single;Passenger;3rd Class;Lost
ANDREW, Edgar Samuel;1895;1912;17;Male;Engaged;Passenger;2nd Class;Lost
ANDREW, Frank Thomas;1885;1912;26;Male;Married;Passenger;2nd Class;Lost
ANDREWS, Thomas;1873;1912;39;Male;Married;Passenger;1st Class;Lost
ANGLE, William;1881;1912;31;Male;Married;Passenger;2nd Class;Lost
ARNOLD-FRANCHI, Josef;1887;1912;25;Male;Married;Passenger;3rd Class;Lost
ARNOLD-FRANCHI, Josefine;1893;1912;18;Female;Married;Passenger;3rd Class;Lost
ARONSSON, Ernst Axel Algot;1887;1912;25;Male;Single;Passenger;3rd Class;Lost
ASHBY, John;1854;1912;57;Male;Married;Passenger;2nd Class;Lost
ASHCROFT, Austin Aloysius;1885;1912;26;Male;Single;Crew;Victualling;Lost
ASIM, Adola;1877;1912;35;Male;;Passenger;3rd Class;Lost
ASPESLAGH, Georges;1885;1912;26;Male;Single;Crew;A la Carte;Lost
ASPLUND, Carl Edgar;1906;1912;5;Male;;Passenger;3rd Class;Lost
ASPLUND, Clarence Gustaf Hugo;1902;1912;9;Male;;Passenger;3rd Class;Lost
ASPLUND, Filip Oscar;1898;1912;13;Male;;Passenger;3rd Class;Lost
ASSAM, Ali;1889;1912;23;Male;;Passenger;3rd Class;Lost
ATTALA, Sleiman Khalil;1885;1912;27;Male;;Passenger;3rd Class;Lost
ATĀ ALLĀH, Malakah;1894;1912;18;Female;Single;Passenger;3rd Class;Lost
AUGUSTSSON, Albert;1889;1912;23;Male;Single;Passenger;3rd Class;Lost
AYLING, Edwin George;1889;1912;23;Male;Married;Crew;Victualling;Lost
BACK, Charles Frederick;1875;1912;37;Male;Married;Crew;Victualling;Lost
BACKSTRÖM, Karl Alfred;1880;1912;32;Male;Married;Passenger;3rd Class;Lost
BADT, Mohamed;1872;1912;40;Male;;Passenger;3rd Class;Lost
BAGLEY, Edward Henry;1879;1912;33;Male;Married;Crew;Victualling;Lost
BAILEY, George Frank;1866;1912;46;Male;Married;Crew;Engine;Lost
BAILEY, Percy;1894;1912;18;Male;Single;Passenger;2nd Class;Lost
BAINBRIGGE, Charles Robert;1889;1912;22;Male;Single;Passenger;2nd Class;Lost
BAINES, Richard;1854;1912;58;Male;Single;Crew;Engine;Lost
BALIKIĆ, Ćerim;1886;1912;26;Male;Married;Passenger;3rd Class;Lost
BANEWER, Solomon;1870;1912;42;Male;;Passenger;2nd Class;Lost
BANFI, Ugo;1887;1912;24;Male;Single;Crew;A la Carte;Lost
BANFIELD, Frederick James;1884;1912;28;Male;Married;Passenger;2nd Class;Lost
BANNON, John Joseph;1877;1912;34;Male;Married;Crew;Engine;Lost
BARBARA, Catherine David;1867;1912;45;Female;;Passenger;3rd Class;Lost
BARBARA, Saiide;1894;1912;18;Female;;Passenger;3rd Class;Lost
BARKER, Albert Vale;1893;1912;19;Male;Single;Crew;Victualling;Lost
BARKER, Reginald Lomond;1870;1912;42;Male;Married;Crew;Victualling;Lost
BARLOW, Charles Henry;1881;1912;30;Male;Married;Crew;Engine;Lost
BARLOW, George;1872;1912;39;Male;Single;Crew;Victualling;Lost
BARNES, Charles;1883;1912;29;Male;Single;Crew;Engine;Lost
BARNES, John;1872;1912;39;Male;Married;Crew;Engine;Lost
BARRATT, Arthur;1896;1912;16;Male;Single;Crew;Victualling;Lost
BARRETT, Frederick William;1879;1912;33;Male;Married;Crew;Engine;Lost
BARRINGER, Arthur William;1878;1912;34;Male;Married;Crew;Victualling;Lost
BARROW, Charles Henry John;1876;1912;35;Male;Married;Crew;Victualling;Lost
BARROWS, Edward William Peter;1879;1912;32;Male;Single;Crew;Victualling;Lost
BARRY, Julia;1881;1912;30;Female;Single;Passenger;3rd Class;Lost
BARTON, David John;1890;1912;22;Male;Single;Passenger;3rd Class;Lost
BARTON, Sidney John;1886;1912;26;Male;Single;Crew;Victualling;Lost
BASILICO, Giovanni;1885;1912;27;Male;Single;Crew;A la Carte;Lost
BATOSHEV, Hristo Lalev;1889;1912;23;Male;;Passenger;3rd Class;Lost
BAUMANN, John David;1864;1912;48;Male;Single;Passenger;1st Class;Lost
BAXTER, Harry Ross;1858;1912;53;Male;Widowed;Crew;Victualling;Lost
BAXTER, Quigg Edmond;1887;1912;24;Male;Single;Passenger;1st Class;Lost
BAZZI, Narciso;1878;1912;33;Male;Single;Crew;A la Carte;Lost
BAZZĪ, Rashīd Al-Hāj 'Adb al-Husayn;1882;1912;30;Male;Married;Passenger;3rd Class;Lost
BEATTIE, Joseph John;1871;1912;40;Male;Married;Crew;Engine;Lost
BEAUCHAMP, Henry James;1868;1912;43;Male;Married;Passenger;2nd Class;Lost
BEAVAN, William Thomas;1892;1912;20;Male;Single;Passenger;3rd Class;Lost
BEDFORD, William Barnett;1880;1912;31;Male;Single;Crew;Victualling;Lost
BEEDEM, George Arthur;1877;1912;35;Male;Married;Crew;Victualling;Lost
BEERE, William;1893;1912;19;Male;Single;Crew;Victualling;Lost
BELL, Joseph;1861;1912;51;Male;Married;Crew;Engine;Lost
BENDELL, Frank;1888;1912;23;Male;Single;Crew;Engine;Lost
BENGTSSON, Jan Viktor;1885;1912;26;Male;Single;Passenger;3rd Class;Lost
BENHAM, Fred John;1882;1912;29;Male;Single;Crew;Victualling;Lost
BENNETT, George Alfred;1881;1912;30;Male;Single;Crew;Engine;Lost
BENVILLE, Edward;1864;1912;47;Male;Single;Crew;Engine;Lost
BERGLUND, Karl Ivar Sven;1890;1912;22;Male;Single;Passenger;3rd Class;Lost
BERRIMAN, William John;1889;1912;23;Male;Single;Passenger;2nd Class;Lost
BESSANT, Edward;1880;1912;31;Male;Married;Crew;Victualling;Lost
BESSANT, William Edward Lowe;1871;1912;40;Male;Married;Crew;Engine;Lost
BEST, Edwin Alfred;1872;1912;40;Male;Married;Crew;Victualling;Lost
BEUX, David;1886;1912;25;Male;;Crew;A la Carte;Lost
BEVIS, Joseph Henry;1890;1912;22;Male;Single;Crew;Engine;Lost
BIDDLECOMBE, Reginald Charles;1880;1912;31;Male;Married;Crew;Engine;Lost
BIGGS, Edward Charles;1891;1912;20;Male;Single;Crew;Engine;Lost
BILLOWS, James;1892;1912;20;Male;Single;Crew;Engine;Lost
BIRKELAND, Hans Martin Monsen;1890;1912;21;Male;;Passenger;3rd Class;Lost
BISHOP, Walter Alexander;1878;1912;34;Male;Married;Crew;Victualling;Lost
BIÉTRIX, George Baptiste;1883;1912;28;Male;Single;Crew;A la Carte;Lost
BJÖRKLUND, Ernst Heribert;1894;1912;18;Male;Single;Passenger;3rd Class;Lost
BLACK, Alexander;1884;1912;28;Male;;Crew;Engine;Lost
BLACK, D.;1871;1912;41;Male;Single;Crew;Engine;Lost
BLACKMAN, Albert Edward;1889;1912;23;Male;Single;Crew;Engine;Lost
BLACKWELL, Stephen Weart;1866;1912;45;Male;Widowed;Passenger;1st Class;Lost
BLADES, Frederick Charles;1895;1912;17;Male;Single;Crew;Victualling;Lost
BLAKE, John Douglas Stanley George;1886;1912;26;Male;Single;Crew;Engine;Lost
BLAKE, Thomas Henry;1875;1912;36;Male;Married;Crew;Engine;Lost
BLANEY, James;1880;1912;32;Male;Single;Crew;Engine;Lost
BLANN, Eustace Horatius;1890;1912;21;Male;Single;Crew;Engine;Lost
BLUMET, Jean Baptiste;1886;1912;26;Male;;Crew;A la Carte;Lost
BOCHATAY, Alexis Joseph;1881;1912;30;Male;Single;Crew;Victualling;Lost
BOCHET, Pietro Giuseppe;1868;1912;43;Male;Married;Crew;A la Carte;Lost
BOLHUIS, Hendrik;1884;1912;27;Male;Single;Crew;A la Carte;Lost
BOND, William John;1867;1912;45;Male;Married;Crew;Victualling;Lost
BOREBANK, John James;1870;1912;41;Male;Married;Passenger;1st Class;Lost
BOSTANDJIEV, Gencho;1886;1912;26;Male;;Passenger;3rd Class;Lost
BOSTON, William John;1879;1912;32;Male;Married;Crew;Victualling;Lost
BOTSFORD, William Hull;1886;1912;25;Male;;Passenger;2nd Class;Lost
BOTT, William Thomas;1866;1912;46;Male;;Crew;Engine;Lost
BOUGHTON, Bernard John;1887;1912;24;Male;Single;Crew;Victualling;Lost
BOULOS, Hanna;1894;1912;18;Male;;Passenger;3rd Class;Lost
BOURKE, Catherine;1879;1912;32;Female;Married;Passenger;3rd Class;Lost
BOURKE, John;1869;1912;42;Male;Married;Passenger;3rd Class;Lost
BOURKE, Mary;1871;1912;40;Female;;Passenger;3rd Class;Lost
BOWEN, David John 'Dai';1891;1912;20;Male;Single;Passenger;3rd Class;Lost
BOYD, John;1875;1912;37;Male;Married;Crew;Victualling;Lost
BOYES, John Henry;1875;1912;36;Male;Married;Crew;Victualling;Lost
BRACKEN, James Hollen;1881;1912;30;Male;Married;Passenger;2nd Class;Lost
BRADLEY, Patrick Joseph;1873;1912;38;Male;Married;Crew;Engine;Lost
BRADLEY, Thomas Henry;1883;1912;28;Male;Single;Crew;Deck;Lost
BRADSHAW, John Albert Perkin;1869;1912;42;Male;Married;Crew;Victualling;Lost
BRADY, John Bertram;1870;1912;41;Male;Single;Passenger;1st Class;Lost
BRAF, Elin Ester Maria;1891;1912;20;Female;;Passenger;3rd Class;Lost
BRAILEY, William Theodore Ronald;1887;1912;24;Male;Engaged;Passenger;2nd Class;Lost
BRAUND, Lewis Richard;1883;1912;29;Male;;Passenger;3rd Class;Lost
BRAUND, Owen Harris;1889;1912;22;Male;Single;Passenger;3rd Class;Lost
BREWE, Arthur Jackson;1866;1912;45;Male;Married;Passenger;1st Class;Lost
BREWER, Harry;1882;1912;30;Male;Married;Crew;Engine;Lost
BREWSTER, George Henry;1859;1912;52;Male;Married;Crew;Victualling;Lost
BRIANT, Albert;1877;1912;34;Male;Married;Crew;Engine;Lost
BRIANT, Arthur;1882;1912;30;Male;Married;Crew;Engine;Lost
BRICOUX, Roger Marie;1891;1912;20;Male;Single;Passenger;2nd Class;Lost
BRISTOW, Harry;1873;1912;38;Male;Married;Crew;Victualling;Lost
BRITO, José Joaquim de;1871;1912;40;Male;;Passenger;2nd Class;Lost
BROBÄCK, Karl Rudolf;1890;1912;22;Male;Single;Passenger;3rd Class;Lost
BROCKLEBANK, William Alfred;1872;1912;40;Male;Married;Passenger;3rd Class;Lost
BROOKMAN, John Cress;1884;1912;28;Male;Married;Crew;Victualling;Lost
BROOKS, J.;1887;1912;25;Male;Single;Crew;Engine;Lost
BROOM, Herbert George;1879;1912;33;Male;Married;Crew;Victualling;Lost
BROOME, Athol Frederick;1881;1912;31;Male;Married;Crew;Victualling;Lost
BROWN, Joseph;1882;1912;30;Male;Married;Crew;Engine;Lost
BROWN, Thomas William Solomon;1851;1912;60;Male;Married;Passenger;2nd Class;Lost
BROWN, Walter James;1871;1912;41;Male;Single;Crew;Victualling;Lost
BRYHL, Kurt Arnold Gottfrid;1887;1912;25;Male;Single;Passenger;2nd Class;Lost
BUCKLEY, H. E.;1878;1912;34;Male;;Crew;Victualling;Lost
BULL, Walter Edward;1875;1912;36;Male;Married;Crew;Victualling;Lost
BULLEY, Henry Ashburnham;1890;1912;21;Male;Single;Crew;Victualling;Lost
BUNNELL, Wilfred James;1891;1912;20;Male;Single;Crew;Victualling;Lost
BURKE, Jeremiah;1893;1912;19;Male;;Passenger;3rd Class;Lost
BURKE, Richard Edward;1882;1912;29;Male;Married;Crew;Victualling;Lost
BURNS, Mary Delia;1896;1912;15;Female;Single;Passenger;3rd Class;Lost
BURR, Ewart Sydenham;1883;1912;28;Male;Married;Crew;Victualling;Lost
BURROUGHS, Arthur Peckham;1877;1912;34;Male;Married;Crew;Engine;Lost
BURTON, Edward John;1877;1912;35;Male;Single;Crew;Engine;Lost
BUTRUS-KA'WĪ, Tannūs;1891;1912;21;Male;Married;Passenger;3rd Class;Lost
BUTT, Archibald Willingham;1865;1912;46;Male;Engaged;Passenger;1st Class;Lost
BYLES, Thomas Roussel Davids;1870;1912;42;Male;Single;Passenger;2nd Class;Lost
BYRNE, James Edward;1867;1912;44;Male;Single;Crew;Victualling;Lost
BŪLUS, Akar;1905;1912;7;Male;;Passenger;3rd Class;Lost
BŪLUS, Nūr al-'ayn;1902;1912;10;Female;;Passenger;3rd Class;Lost
BŪLUS, Sultānah;1872;1912;40;Female;Married;Passenger;3rd Class;Lost
CAIRNS, Alexander Milne;1883;1912;28;Male;Single;Passenger;1st Class;Lost
CALDERWOOD, Hugh;1879;1912;33;Male;Single;Crew;Engine;Lost
CAMPBELL, Donald Samuel;1884;1912;28;Male;Single;Crew;Victualling;Lost
CAMPBELL, William;1891;1912;20;Male;Single;Passenger;2nd Class;Lost
CANAVAN, Mary;1889;1912;22;Female;Single;Passenger;3rd Class;Lost
CANAVAN, Patrick;1890;1912;21;Male;Single;Passenger;3rd Class;Lost
CANN, Ernest;1883;1912;29;Male;Married;Passenger;3rd Class;Lost
CANNER, John;1872;1912;40;Male;Single;Crew;Engine;Lost
CARAM, Joseph;1884;1912;28;Male;;Passenger;3rd Class;Lost
CARAM, Maria Elias;1894;1912;18;Female;;Passenger;3rd Class;Lost
CARLSSON, August Sigfrid;1884;1912;28;Male;Married;Passenger;3rd Class;Lost
CARLSSON, Carl Robert;1888;1912;24;Male;;Passenger;3rd Class;Lost
CARLSSON, Frans Olof;1878;1912;33;Male;Single;Passenger;1st Class;Lost
CARR, Jane;1867;1912;45;Female;Single;Passenger;3rd Class;Lost
CARR, Richard Stephen;1884;1912;27;Male;Engaged;Crew;Engine;Lost
CARRAU, Francisco Mauro Severiano;1884;1912;27;Male;;Passenger;1st Class;Lost
CARRAÚ-ESTEVES, José Pedro;1894;1912;17;Male;;Passenger;1st Class;Lost
CARTER, Ernest Courtenay;1858;1912;54;Male;Married;Passenger;2nd Class;Lost
CARTER, James;1866;1912;46;Male;Married;Crew;Engine;Lost
CARTER, Lilian;1867;1912;45;Female;Married;Passenger;2nd Class;Lost
CARVER, Alfred John;1884;1912;27;Male;;Passenger;3rd Class;Lost
CASALI, Giulio;1880;1912;32;Male;Single;Crew;A la Carte;Lost
CASE, Howard Brown;1863;1912;49;Male;Married;Passenger;1st Class;Lost
CASEY, Thomas;1867;1912;44;Male;Single;Crew;Engine;Lost
CASSWILL, Charles;1877;1912;34;Male;Married;Crew;Victualling;Lost
CASTLEMAN, Edward;1874;1912;37;Male;Married;Crew;Engine;Lost
CAUNT, William Ewart;1884;1912;28;Male;Married;Crew;Victualling;Lost
CECIL, Charles Thomas;1891;1912;21;Male;Single;Crew;Victualling;Lost
CELOTTI, Francesco;1888;1912;24;Male;;Passenger;3rd Class;Lost
CHABOISSON, Adrien Firmin;1886;1912;25;Male;;Crew;A la Carte;Lost
CHAFFEE, Herbert Fuller;1865;1912;46;Male;;Passenger;1st Class;Lost
CHAPMAN, Sarah Elizabeth;1882;1912;30;Female;Married;Passenger;2nd Class;Lost
CHARMAN, John James;1886;1912;25;Male;Single;Crew;Victualling;Lost
CHARTERS, David;1891;1912;20;Male;Single;Passenger;3rd Class;Lost
CHERRETT, William Victor;1887;1912;24;Male;Single;Crew;Engine;Lost
CHISHOLM, Roderick;1868;1912;43;Male;Married;Passenger;1st Class;Lost
CHITTY, Archibald George;1883;1912;28;Male;;Crew;Victualling;Lost
CHITTY, George Henry;1862;1912;50;Male;Widowed;Crew;Victualling;Lost
CHORLEY, John Henry;1887;1912;25;Male;Single;Crew;Engine;Lost
CHRISTMANN, Emil;1883;1912;29;Male;;Passenger;3rd Class;Lost
CHRISTMAS, Herbert Harry;1878;1912;34;Male;Married;Crew;Victualling;Lost
CHRONOPOULOS, Apostolos M.;1886;1912;26;Male;;Passenger;3rd Class;Lost
CHRONOPOULOS, Dimitrios M.;1891;1912;21;Male;;Passenger;3rd Class;Lost
CLARK, Walter Miller;1884;1912;27;Male;Married;Passenger;1st Class;Lost
CLARKE, Charles Valentine;1883;1912;29;Male;Married;Passenger;2nd Class;Lost
CLENCH, George James;1881;1912;31;Male;Single;Crew;Deck;Lost
CLIFFORD, George Quincy;1871;1912;40;Male;Married;Passenger;1st Class;Lost
COE, Harry;1890;1912;21;Male;Married;Crew;Engine;Lost
COELHO, Domingos Fernandeo;1891;1912;20;Male;Single;Passenger;3rd Class;Lost
COLBERT, Patrick;1887;1912;24;Male;Single;Passenger;3rd Class;Lost
COLEMAN, Albert Edward;1883;1912;28;Male;Married;Crew;Victualling;Lost
COLEMAN, John;1854;1912;57;Male;Married;Crew;Engine;Lost
COLERIDGE, Reginald Charles;1883;1912;29;Male;Single;Passenger;2nd Class;Lost
COLLANDER, Erik Gustaf;1884;1912;27;Male;;Passenger;2nd Class;Lost
COLLEY, Edward Pomeroy;1875;1912;37;Male;Single;Passenger;1st Class;Lost
COLLYER, Harvey;1880;1912;31;Male;Married;Passenger;2nd Class;Lost
COMPTON, Alexander Taylor jr;1874;1912;37;Male;;Passenger;1st Class;Lost
CONLIN, Thomas Henry;1880;1912;30;Male;Engaged;Passenger;3rd Class;Lost
CONNAUGHTON, Michael;1872;1912;40;Male;Single;Passenger;3rd Class;Lost
CONNOLLY, Kate;1870;1912;41;Female;Single;Passenger;3rd Class;Lost
CONWAY, Percy Walter;1887;1912;25;Male;Single;Crew;Victualling;Lost
COOK, Gilbert William;1880;1912;32;Male;Single;Crew;Victualling;Lost
COOK, Jacob;1869;1912;43;Male;;Passenger;3rd Class;Lost
COOMBS, Charles Augustus;1867;1912;45;Male;Married;Crew;Victualling;Lost
COOPER, H.;1886;1912;25;Male;Single;Crew;Engine;Lost
COOPER, James Edward;1886;1912;26;Male;Single;Crew;Engine;Lost
COPPERTHWAITE, Albert Harry;1883;1912;28;Male;Married;Crew;Engine;Lost
CORBEN, Ernest Theodore;1885;1912;27;Male;Married;Crew;Victualling;Lost
CORBETT, Irene;1881;1912;30;Female;Married;Passenger;2nd Class;Lost
CORCORAN, Dennis;1879;1912;33;Male;;Crew;Engine;Lost
COREY, Mary Emma;1879;1912;32;Female;Married;Passenger;2nd Class;Lost
CORNAIRE, Marcel Raymond André;1892;1912;19;Male;;Crew;A la Carte;Lost
CORNBLATT, Harris;1882;1912;30;Male;Married;Passenger;3rd Class;Lost
COTTERILL, Henry;1891;1912;21;Male;Single;Passenger;2nd Class;Lost
COTTON, Alfred;1876;1912;35;Male;Married;Crew;Engine;Lost
COUCH, Joseph Henry;1862;1912;49;Male;;Crew;Engine;Lost
COUTIN, Auguste Louis;1884;1912;28;Male;Widowed;Crew;A la Carte;Lost
COXON, Daniel;1853;1912;58;Male;Single;Passenger;3rd Class;Lost
COY, Francis Ernest George;1885;1912;27;Male;Married;Crew;Engine;Lost
CRABB, Henry James;1889;1912;23;Male;Single;Crew;Engine;Lost
CRAFTON, John Bertram;1853;1912;58;Male;Married;Passenger;1st Class;Lost
CREASE, Ernest James;1892;1912;20;Male;;Passenger;3rd Class;Lost
CREESE, Henry Philip;1867;1912;45;Male;Married;Crew;Engine;Lost
CRIBB, John Hatfield;1868;1912;43;Male;Married;Passenger;3rd Class;Lost
CRISP, Albert Hector;1872;1912;39;Male;Married;Crew;Victualling;Lost
CRISPIN, William;1878;1912;33;Male;Married;Crew;Victualling;Lost
CROSBIE, John Borthwick;1867;1912;45;Male;Married;Crew;Victualling;Lost
CROSS, William Alfred;1868;1912;44;Male;Married;Crew;Engine;Lost
CROVELLA, Paolo Luigi;1895;1912;16;Male;Single;Crew;A la Carte;Lost
CRUMPLIN, Charles George Chandler;1877;1912;35;Male;Married;Crew;Victualling;Lost
CUMINGS, John Bradley;1872;1912;39;Male;;Passenger;1st Class;Lost
CUNNINGHAM, Alfred Fleming;1890;1912;21;Male;Single;Passenger;2nd Class;Lost
CUNNINGHAM, Bernard;1877;1912;35;Male;Married;Crew;Engine;Lost
CURTIS, Arthur;1885;1912;26;Male;Single;Crew;Engine;Lost
DAHLBERG, Gerda Ulrika;1890;1912;22;Female;Single;Passenger;3rd Class;Lost
DAKIĆ, Branko;1893;1912;19;Male;;Passenger;3rd Class;Lost
DANBOM, Anna Sigrid Maria;1884;1912;28;Female;Married;Passenger;3rd Class;Lost
DANBOM, Gilbert Sigvard Emanuel;1911;1912;0;Male;;Passenger;3rd Class;Lost
DAVIDSON, Thornton;1880;1912;31;Male;;Passenger;1st Class;Lost
DAVIES, Alfred James;1888;1912;24;Male;Married;Passenger;3rd Class;Lost
DAVIES, Charles Henry;1893;1912;19;Male;;Passenger;2nd Class;Lost
DAVIES, Evan Lewis;1890;1912;22;Male;Single;Passenger;3rd Class;Lost
DAVIES, Gordon Raleigh;1879;1912;32;Male;Married;Crew;Victualling;Lost
DAVIES, John;1890;1912;22;Male;;Passenger;3rd Class;Lost
DAVIES, Joseph;1895;1912;17;Male;Single;Passenger;3rd Class;Lost
DAVIES, Thomas;1879;1912;33;Male;Married;Crew;Engine;Lost
DAVIS, Stephen James;1873;1912;39;Male;Married;Crew;Deck;Lost
DAVISON, Thomas Henry;1880;1912;32;Male;Married;Passenger;3rd Class;Lost
DE MARSICO, Govanni;1892;1912;20;Male;;Crew;A la Carte;Lost
DE PELSMAEKER, Alfons;1895;1912;16;Male;;Passenger;3rd Class;Lost
DEACON, Percy William;1894;1912;17;Male;Single;Passenger;2nd Class;Lost
DEAN, Bertram Frank;1886;1912;25;Male;Married;Passenger;3rd Class;Lost
DELALIĆ, Redžo;1887;1912;25;Male;Married;Passenger;3rd Class;Lost
DENBUOY, Albert Joseph;1886;1912;25;Male;Single;Passenger;2nd Class;Lost
DENKOV, Mityu;1882;1912;30;Male;;Passenger;3rd Class;Lost
DENNIS, Samuel;1889;1912;22;Male;;Passenger;3rd Class;Lost
DENNIS, William;1886;1912;26;Male;;Passenger;3rd Class;Lost
DENOV, Yoto;1885;1912;27;Male;;Passenger;3rd Class;Lost
DERRETT, Arthur Henry;1883;1912;28;Male;Single;Crew;Victualling;Lost
DESVERNINE, Louis Gabriel;1891;1912;20;Male;;Crew;A la Carte;Lost
DIBDEN, William;1893;1912;18;Male;;Passenger;2nd Class;Lost
DICKSON, William;1875;1912;37;Male;Married;Crew;Engine;Lost
DIKA, Mirko;1895;1912;17;Male;Single;Passenger;3rd Class;Lost
DIMIĆ, Jovan;1870;1912;42;Male;Married;Passenger;3rd Class;Lost
DINCHEV, Vulcho;1869;1912;43;Male;;Passenger;3rd Class;Lost
DINENAGE, James Richard;1863;1912;49;Male;Married;Crew;Victualling;Lost
DODD, Edward Charles;1873;1912;39;Male;Single;Crew;Engine;Lost
DODD, George Charles;1867;1912;44;Male;Married;Crew;Victualling;Lost
DODDS, Henry Watson;1885;1912;26;Male;Engaged;Crew;Engine;Lost
DOHERTY, William John;1889;1912;22;Male;;Passenger;3rd Class;Lost
DOLBY, Joseph;1873;1912;38;Male;Married;Crew;Victualling;Lost
DONOGHUE, Florence Thomas;1880;1912;31;Male;Married;Crew;Victualling;Lost
DONOHOE, Bridget;1891;1912;21;Female;Single;Passenger;3rd Class;Lost
DOOLEY, Patrick;1875;1912;37;Male;Single;Passenger;3rd Class;Lost
DORNIER, Louis Auguste;1891;1912;20;Male;;Crew;A la Carte;Lost
DOUGHTY, Walter Thomas;1890;1912;22;Male;Single;Crew;Victualling;Lost
DOUTON, William Joseph;1856;1912;55;Male;Married;Passenger;2nd Class;Lost
DOYLE, Elizabeth;1884;1912;28;Female;Single;Passenger;3rd Class;Lost
DOYLE, Laurence;1885;1912;27;Male;Single;Crew;Engine;Lost
DREW, James Vivian;1869;1912;42;Male;Married;Passenger;2nd Class;Lost
DUFFY, William Luke;1875;1912;36;Male;Married;Crew;Engine;Lost
DWAN, Frank;1847;1912;65;Male;Married;Passenger;3rd Class;Lost
DYER, Henry Ryland;1887;1912;24;Male;Single;Crew;Engine;Lost
DYER, William Henry;1879;1912;33;Male;Married;Crew;Victualling;Lost
DYKER, Adolf Fredrik;1888;1912;23;Male;Married;Passenger;3rd Class;Lost
DĀHIR, Ṭannūs;1884;1912;28;Male;;Passenger;3rd Class;Lost
DĪBŪ, Ilyās;1883;1912;29;Male;Married;Passenger;3rd Class;Lost
EAGLE, Alfred James Jacob;1884;1912;27;Male;Single;Crew;Engine;Lost
EASTMAN, Charles;1868;1912;44;Male;Married;Crew;Engine;Lost
EDBROOKE, Francis Samuel Jacob;1888;1912;23;Male;Single;Crew;Victualling;Lost
EDE, George Bulkeley;1889;1912;23;Male;;Crew;Victualling;Lost
EDGE, Frederick William;1873;1912;39;Male;Married;Crew;Victualling;Lost
EDVARDSSON, Gustaf Hjalmar;1893;1912;18;Male;;Passenger;3rd Class;Lost
EDWARDS, Charles Essex;1862;1912;49;Male;Married;Crew;Victualling;Lost
EGG, William Henry;1864;1912;48;Male;Married;Crew;Victualling;Lost
EITEMILLER, George Floyd;1886;1912;25;Male;;Passenger;2nd Class;Lost
EKLUND, Hans Linus;1895;1912;16;Male;Single;Passenger;3rd Class;Lost
EKSTRÖM, Johan;1866;1912;45;Male;Married;Passenger;3rd Class;Lost
ELIAS NASRALLAH, Tannous;1890;1912;22;Male;;Passenger;3rd Class;Lost
ELIAS, Joseph;1873;1912;39;Male;;Passenger;3rd Class;Lost
ELIAS, Joseph jr.;1897;1912;15;Male;Single;Passenger;3rd Class;Lost
ELSBURY, William James;1863;1912;48;Male;Married;Passenger;3rd Class;Lost
ENANDER, Ingvar;1890;1912;21;Male;Engaged;Passenger;2nd Class;Lost
ENNIS, Walter;1878;1912;34;Male;Married;Crew;Victualling;Lost
ERVINE, Albert George;1893;1912;18;Male;Single;Crew;Engine;Lost
ESTANISLAU, Manuel Gonçalves;1874;1912;37;Male;;Passenger;3rd Class;Lost
EVANS, Edith Corse;1875;1912;36;Female;Single;Passenger;1st Class;Lost
EVANS, George Richard;1884;1912;27;Male;Married;Crew;Victualling;Lost
FAHLSTRØM, Arne Joma;1893;1912;18;Male;;Passenger;2nd Class;Lost
FAIRALL, Henry Charles;1871;1912;40;Male;Married;Crew;Victualling;Lost
FARDON, Charles Richard;1866;1912;46;Male;Married;Passenger;3rd Class;Lost
FARENDEN, Ernest John;1890;1912;22;Male;Single;Crew;Victualling;Lost
FARQUHARSON, William Edward;1873;1912;39;Male;Married;Crew;Engine;Lost
FARTHING, John;1863;1912;48;Male;Married;Passenger;1st Class;Lost
FAY, Thomas Joseph;1881;1912;30;Male;Married;Crew;Engine;Lost
FEI, Carlo;1893;1912;19;Male;Single;Crew;A la Carte;Lost
FELTHAM, George William;1870;1912;41;Male;Married;Crew;Victualling;Lost
FERRARY, Anton;1879;1912;33;Male;Married;Crew;Engine;Lost
FERRIS, William;1873;1912;39;Male;Married;Crew;Engine;Lost
FILLBROOK, Joseph Charles;1894;1912;18;Male;;Passenger;2nd Class;Lost
FINCH, Henry Herman;1893;1912;18;Male;;Crew;Victualling;Lost
FIORAVANTE, Giuseppe Bertoldo;1888;1912;23;Male;Single;Crew;A la Carte;Lost
FISCHER, Eberhard Thelander;1893;1912;18;Male;Single;Passenger;3rd Class;Lost
FITZPATRICK, Hugh Joseph;1883;1912;29;Male;Married;Crew;Engine;Lost
FLEMING, Honor;1890;1912;22;Female;Single;Passenger;3rd Class;Lost
FLETCHER, Percy William;1887;1912;25;Male;Married;Crew;Victualling;Lost
FLYNN, James;1883;1912;28;Male;;Passenger;3rd Class;Lost
FLYNN, John;1864;1912;48;Male;Married;Passenger;3rd Class;Lost
FOLEY, Joseph;1893;1912;19;Male;Single;Passenger;3rd Class;Lost
FOLEY, William;1891;1912;20;Male;Single;Passenger;3rd Class;Lost
FORD, Arthur;1889;1912;23;Male;Engaged;Passenger;3rd Class;Lost
FORD, Dollina Margaret;1891;1912;20;Female;;Passenger;3rd Class;Lost
FORD, Edward Watson;1894;1912;18;Male;;Passenger;3rd Class;Lost
FORD, Ernest;1879;1912;33;Male;Single;Crew;Victualling;Lost
FORD, Francis;1868;1912;44;Male;Married;Crew;Victualling;Lost
FORD, H.;1890;1912;22;Male;;Crew;Engine;Lost
FORD, Margaret Ann Watson;1857;1912;54;Female;Married;Passenger;3rd Class;Lost
FORD, Robina Maggie;1904;1912;7;Female;;Passenger;3rd Class;Lost
FORD, Thomas;1879;1912;33;Male;Married;Crew;Engine;Lost
FORD, William Neal Thomas;1897;1912;14;Male;;Passenger;3rd Class;Lost
FOREMAN, Benjamin Laventall;1881;1912;30;Male;Single;Passenger;1st Class;Lost
FORTUNE, Charles Alexander;1892;1912;19;Male;;Passenger;1st Class;Lost
FORTUNE, Mark;1847;1912;64;Male;Married;Passenger;1st Class;Lost
FOSTER, Alfred Charles;1875;1912;37;Male;Married;Crew;Engine;Lost
FOX, Patrick;1883;1912;28;Male;Single;Passenger;3rd Class;Lost
FOX, William Thomas;1885;1912;27;Male;Single;Crew;Victualling;Lost
FRANKLIN, Thomas Parnham;1874;1912;37;Male;Single;Passenger;1st Class;Lost
FRASER, J.;1882;1912;30;Male;;Crew;Engine;Lost
FRASER, James;1882;1912;30;Male;Married;Crew;Engine;Lost
FROST, Anthony Wood;1874;1912;38;Male;Married;Passenger;2nd Class;Lost
FRY, Richard Thomas;1872;1912;39;Male;Married;Passenger;1st Class;Lost
FUNK, Annie Clemmer;1874;1912;38;Female;Single;Passenger;2nd Class;Lost
FUTRELLE, Jacques Heath;1875;1912;37;Male;Married;Passenger;1st Class;Lost
GALE, Harry;1874;1912;37;Male;Single;Passenger;2nd Class;Lost
GALE, Shadrach;1878;1912;33;Male;;Passenger;2nd Class;Lost
GALLAGHER, Martin;1883;1912;29;Male;;Passenger;3rd Class;Lost
GARFIRTH, John;1889;1912;21;Male;Single;Passenger;3rd Class;Lost
GASKELL, William Alfred;1893;1912;19;Male;;Passenger;2nd Class;Lost
GAVEY, Laurence;1886;1912;26;Male;;Passenger;2nd Class;Lost
GEDDES, Richard Charles;1880;1912;32;Male;Married;Crew;Victualling;Lost
GEER, Alfred Emest;1886;1912;26;Male;Married;Crew;Engine;Lost
GEORGIEV, Stenyu;;;;Male;;Passenger;3rd Class;Lost
GIGLIO, Victor Gaitan Andrea;1888;1912;23;Male;Single;Passenger;1st Class;Lost
GILARDINO, Vincenzo Pio;1881;1912;31;Male;Single;Crew;A la Carte;Lost
GILBERT, William;1865;1912;46;Male;Single;Passenger;2nd Class;Lost
GILES, Edgar;1893;1912;18;Male;Single;Passenger;2nd Class;Lost
GILES, Frederick Edward;1891;1912;20;Male;Single;Passenger;2nd Class;Lost
GILES, John Robert;1879;1912;32;Male;Single;Crew;Victualling;Lost
GILL, Patrick;1874;1912;38;Male;Married;Crew;Victualling;Lost
GILLESPIE, William Henry;1880;1912;31;Male;Single;Passenger;2nd Class;Lost
GODWIN, Frederick Charles;1876;1912;36;Male;Married;Crew;Engine;Lost
GOLDER, Martin William;1876;1912;35;Male;Single;Crew;Engine;Lost
GOLDSCHMIDT, George B.;1840;1912;71;Male;Single;Passenger;1st Class;Lost
GOLDSMITH, Frank John;1879;1912;33;Male;Married;Passenger;3rd Class;Lost
GOLDSMITH, Nathan;1871;1912;41;Male;Married;Passenger;3rd Class;Lost
GOLLOP, Percival Salisbury;1882;1912;30;Male;Single;Crew;Victualling;Lost
GOODWIN, Augusta;1868;1912;43;Female;Married;Passenger;3rd Class;Lost
GOODWIN, Charles Edward;1897;1912;14;Male;;Passenger;3rd Class;Lost
GOODWIN, Frederick Joseph;1870;1912;42;Male;Married;Passenger;3rd Class;Lost
GOODWIN, Harold Victor;1901;1912;10;Male;;Passenger;3rd Class;Lost
GOODWIN, Jessie Allis Mary;1900;1912;12;Female;;Passenger;3rd Class;Lost
GOODWIN, Lillian Augusta;1896;1912;16;Female;;Passenger;3rd Class;Lost
GOODWIN, William Frederick;1898;1912;13;Male;;Passenger;3rd Class;Lost
GORDON, John;1882;1912;30;Male;Married;Crew;Engine;Lost
GOSHAWK, Alfred James;1871;1912;40;Male;Married;Crew;Victualling;Lost
GOSLING, Bertram James;1890;1912;22;Male;;Crew;Engine;Lost
GOSLING, Frank Henry;1887;1912;25;Male;;Crew;Engine;Lost
GREEN, George;1871;1912;41;Male;Married;Passenger;3rd Class;Lost
GREEN, George;1892;1912;20;Male;Single;Crew;Engine;Lost
GREGORY, David;1869;1912;43;Male;Single;Crew;Engine;Lost
GROSCLAUDE, Gérald;1887;1912;24;Male;Single;Crew;A la Carte;Lost
GRØNNESTAD, Daniel Danielsen;1879;1912;32;Male;;Passenger;3rd Class;Lost
GUEST, Stephen;1889;1912;22;Male;Single;Passenger;3rd Class;Lost
GUGGENHEIM, Benjamin;1865;1912;46;Male;;Passenger;1st Class;Lost
GUMERY, George;1887;1912;24;Male;Single;Crew;Engine;Lost
GUNN, Joseph Alfred;1882;1912;30;Male;Single;Crew;Victualling;Lost
GUSTAFSSON, Alfred Ossian;1892;1912;19;Male;;Passenger;3rd Class;Lost
GUSTAFSSON, Johan Birger;1883;1912;28;Male;;Passenger;3rd Class;Lost
GUSTAFSSON, Karl Gideon;1893;1912;19;Male;Single;Passenger;3rd Class;Lost
GWINN, William Logan;1875;1912;37;Male;Married;Crew;Victualling;Lost
HAAS, Aloisia;1888;1912;24;Female;;Passenger;3rd Class;Lost
HAGLAND, Ingvald Olai Olsen;1884;1912;28;Male;Married;Passenger;3rd Class;Lost
HAGLAND, Konrad Mathias Reiersen;1892;1912;19;Male;Single;Passenger;3rd Class;Lost
HAKKARAINEN, Pekka Pietari;1884;1912;28;Male;Married;Passenger;3rd Class;Lost
HALL, Frank Alfred James;1871;1912;40;Male;Married;Crew;Victualling;Lost
HALL, J.;1880;1912;32;Male;;Crew;Engine;Lost
HALLETT, George Alexander;1889;1912;23;Male;Single;Crew;Engine;Lost
HAMBLYN, Ernest William;1865;1912;47;Male;Married;Crew;Victualling;Lost
HAMILTON, Ernest;1886;1912;25;Male;Engaged;Crew;Victualling;Lost
HAMPE, Léon Jérome;1892;1912;19;Male;;Passenger;3rd Class;Lost
HANDS, Bernard;1858;1912;54;Male;Widowed;Crew;Engine;Lost
HANNAM, George;1882;1912;30;Male;Single;Crew;Engine;Lost
HANSEN, Claus Peter;1871;1912;41;Male;Married;Passenger;3rd Class;Lost
HANSEN, Jens Henrik Marius Juul;1886;1912;25;Male;Single;Passenger;3rd Class;Lost
HARDING, Alfred John;1891;1912;21;Male;Single;Crew;Victualling;Lost
HARGADON, Kate;1894;1912;17;Female;Single;Passenger;3rd Class;Lost
HARKNETT, Alice Phoebe;1890;1912;21;Female;;Passenger;3rd Class;Lost
HARPER, John;1872;1912;39;Male;;Passenger;2nd Class;Lost
HARRINGTON, Henry Charles;1875;1912;37;Male;;Passenger;1st Class;Lost
HARRIS, Amos;1888;1912;24;Male;Married;Crew;Engine;Lost
HARRIS, Charles William;1893;1912;19;Male;;Crew;Victualling;Lost
HARRIS, Clifford Henry;1895;1912;17;Male;Single;Crew;Victualling;Lost
HARRIS, Edward John;1883;1912;29;Male;Single;Crew;Engine;Lost
HARRIS, Edward Matthew;1895;1912;17;Male;Single;Crew;Victualling;Lost
HARRIS, Henry Burkhardt;1866;1912;45;Male;Married;Passenger;1st Class;Lost
HARRIS, Walter;1867;1912;45;Male;Married;Passenger;2nd Class;Lost
HARRISON, Norman E.;1873;1912;38;Male;Married;Crew;Engine;Lost
HART, Benjamin;1864;1912;47;Male;;Passenger;2nd Class;Lost
HART, Henry;1882;1912;30;Male;Married;Passenger;3rd Class;Lost
HART, James;1858;1912;54;Male;Single;Crew;Engine;Lost
HARVEY, Herbert Gifford;1878;1912;34;Male;Single;Crew;Engine;Lost
HATCH, Hugh;1891;1912;21;Male;Single;Crew;Victualling;Lost
HAWKESWORTH, James;1860;1912;52;Male;Single;Crew;Victualling;Lost
HAWKESWORTH, William Walter;1869;1912;43;Male;Married;Crew;Victualling;Lost
HEAD, Alfred;1888;1912;24;Male;Single;Crew;Engine;Lost
HEAD, Christopher;1869;1912;42;Male;Married;Passenger;1st Class;Lost
HEGARTY, Hanora;1892;1912;20;Female;Single;Passenger;3rd Class;Lost
HEINEN, Joseph Dominichus;1882;1912;30;Male;Married;Crew;Victualling;Lost
HENDY, Edward Martin;1872;1912;39;Male;Married;Crew;Victualling;Lost
HENRY, Bridget;1890;1912;22;Female;;Passenger;3rd Class;Lost
HENSFORD, Herbert George Ernest;1885;1912;26;Male;Married;Crew;Victualling;Lost
HERMAN, Samuel;1862;1912;50;Male;Married;Passenger;2nd Class;Lost
HESKETH, John Henry;1879;1912;33;Male;Single;Crew;Engine;Lost
HESLIN, James;1861;1912;51;Male;Married;Crew;Engine;Lost
HICKMAN, Leonard Mark;1887;1912;24;Male;Single;Passenger;2nd Class;Lost
HICKMAN, Stanley George;1890;1912;21;Male;;Passenger;2nd Class;Lost
HILL, Henry Parkinson;1875;1912;37;Male;Married;Crew;Victualling;Lost
HILL, James;1887;1912;25;Male;;Crew;Engine;Lost
HILLIARD, Herbert Henry;1867;1912;44;Male;Married;Passenger;1st Class;Lost
HILTUNEN, Martta Maria;1894;1912;18;Female;Single;Passenger;2nd Class;Lost
HINE, William Edward;1876;1912;36;Male;Single;Crew;Victualling;Lost
HIPKINS, William Edward;1857;1912;55;Male;Widowed;Passenger;1st Class;Lost
HISCOCK, Sydney George;1887;1912;25;Male;Single;Crew;Victualling;Lost
HOARE, Leonard James;1893;1912;18;Male;Single;Crew;Victualling;Lost
HOCKING, Richard George;1888;1912;23;Male;Single;Passenger;2nd Class;Lost
HOCKING, Samuel James Metcalfe;1876;1912;36;Male;Married;Passenger;2nd Class;Lost
HODGE, Charley;1883;1912;29;Male;Married;Crew;Engine;Lost
HODGES, W.;1886;1912;26;Male;Single;Crew;Engine;Lost
HODGKINSON, Leonard;1866;1912;46;Male;Married;Crew;Engine;Lost
HOGAN, Albert John;1893;1912;19;Male;Single;Crew;Victualling;Lost
HOGG, Charles William;1868;1912;43;Male;Married;Crew;Victualling;Lost
HOGUE, E.;1890;1912;22;Male;;Crew;Victualling;Lost
HOLD, Stephen;1868;1912;44;Male;Married;Passenger;2nd Class;Lost
HOLLAND, Thomas;1883;1912;28;Male;Single;Crew;Victualling;Lost
HOLM, John Fredrik Alexander;1869;1912;43;Male;Engaged;Passenger;3rd Class;Lost
HOLMAN, Harry;1883;1912;29;Male;Married;Crew;Deck;Lost
HOLTEN, Johan Martin;1894;1912;18;Male;Married;Passenger;3rd Class;Lost
HOOD, Ambrose;1891;1912;21;Male;Single;Passenger;2nd Class;Lost
HOPGOOD, Roland John C.;1882;1912;29;Male;Single;Crew;Engine;Lost
HOPKINS, Frederick William;1897;1912;14;Male;;Crew;Victualling;Lost
HORGAN, John;1890;1912;22;Male;;Passenger;3rd Class;Lost
HOSKING, George Fox;1875;1912;36;Male;Married;Crew;Engine;Lost
HOUSE, William Charles;1866;1912;45;Male;Married;Crew;Victualling;Lost
HOWARD, Benjamin;1848;1912;63;Male;Married;Passenger;2nd Class;Lost
HOWARD, Ellen Truelove;1851;1912;61;Female;Married;Passenger;2nd Class;Lost
HOYT, William Fisher;1869;1912;43;Male;;Passenger;1st Class;Lost
HUGHES, William Thomas;1878;1912;34;Male;Engaged;Crew;Victualling;Lost
HUMBY, Frederick;1895;1912;17;Male;Single;Crew;Victualling;Lost
HUMPHREYS, Humphrey;1880;1912;31;Male;Single;Crew;Victualling;Lost
HUNT, George Henry;1878;1912;34;Male;Married;Passenger;2nd Class;Lost
HUNT, Tom;1884;1912;27;Male;Single;Crew;Engine;Lost
HURST, Charles John;1871;1912;40;Male;Married;Crew;Engine;Lost
HUTCHINSON, John Hall;1884;1912;28;Male;Single;Crew;Deck;Lost
IBRĀHĪM, Husayn Mahmūd Husayn;1901;1912;11;Male;;Passenger;3rd Class;Lost
IBRĀHĪM-SHAWAH, Yūsuf Hānī;1879;1912;33;Male;Married;Passenger;3rd Class;Lost
IDE, Harry John;1880;1912;31;Male;Married;Crew;Victualling;Lost
ILIEV, Ilyo;1880;1912;32;Male;;Passenger;3rd Class;Lost
ILMAKANGAS, Ida Livija;1894;1912;17;Female;Single;Passenger;3rd Class;Lost
ILMAKANGAS, Pieta Sofia;1887;1912;25;Female;;Passenger;3rd Class;Lost
INGROUILLE, Henry;1890;1912;21;Male;Single;Crew;Victualling;Lost
INGS, William Ernest;1892;1912;20;Male;Single;Crew;Victualling;Lost
INSTANCE, Thomas;1881;1912;31;Male;Married;Crew;Engine;Lost
ISHAM, Ann Elizabeth;1862;1912;50;Female;Single;Passenger;1st Class;Lost
IVYANOV, Kostya;1892;1912;20;Male;;Passenger;3rd Class;Lost
JABBUR (ZABOUR), Thamine;1893;1912;19;Female;;Passenger;3rd Class;Lost
JACKOPSON, John Henry;1881;1912;30;Male;Married;Crew;Engine;Lost
JACKSON, Cecil;1890;1912;22;Male;Single;Crew;Victualling;Lost
JACOBSEN, Gunhilde Oline 'Lena';1848;1912;63;Female;Widowed;Passenger;3rd Class;Lost
JACOBSOHN, Sidney Samuel;1869;1912;42;Male;Married;Passenger;2nd Class;Lost
JAGO, Joseph;1853;1912;59;Male;Married;Crew;Engine;Lost
JAMES, Thomas;1885;1912;27;Male;Married;Crew;Engine;Lost
JANAWAY, William Frank;1877;1912;35;Male;Married;Crew;Victualling;Lost
JANIN, Claude Marie;1882;1912;29;Male;Married;Crew;A la Carte;Lost
JARDIM, José Neto;1890;1912;21;Male;Married;Passenger;3rd Class;Lost
JARVIS, Denzil John;1865;1912;46;Male;Married;Passenger;2nd Class;Lost
JEFFERY, William Alfred;1884;1912;28;Male;Single;Crew;A la Carte;Lost
JEFFERYS, Clifford Thomas;1888;1912;24;Male;;Passenger;2nd Class;Lost
JEFFERYS, Ernest Wilfred;1891;1912;21;Male;;Passenger;2nd Class;Lost
JENKIN, Stephen Curnow;1879;1912;32;Male;Single;Passenger;2nd Class;Lost
JENNER, Thomas Henry (Harry);1856;1912;55;Male;Married;Crew;Victualling;Lost
JENSEN, Charles Valdemar;1887;1912;24;Male;Single;Crew;Victualling;Lost
JENSEN, Hans Peder;1892;1912;20;Male;Engaged;Passenger;3rd Class;Lost
JENSEN, Niels Rasmus;1864;1912;48;Male;Single;Passenger;3rd Class;Lost
JENSEN, Svend Lauritz;1895;1912;16;Male;Single;Passenger;3rd Class;Lost
JOAS, Nicolas;1873;1912;39;Male;Married;Crew;Engine;Lost
JOHANSSON, Karl Johan;1880;1912;31;Male;Engaged;Passenger;3rd Class;Lost
JOHANSSON, Nils;1881;1912;30;Male;Engaged;Passenger;3rd Class;Lost
JOHNSON, August;1863;1912;49;Male;;Passenger;3rd Class;Lost
JOHNSON, William Cahoone;1892;1912;19;Male;Single;Passenger;3rd Class;Lost
JOHNSTON, Andrew Emslie;1876;1912;35;Male;Married;Passenger;3rd Class;Lost
JOHNSTON, Catherine Nellie;1905;1912;7;Female;;Passenger;3rd Class;Lost
JOHNSTON, Eliza;1876;1912;36;Female;Married;Passenger;3rd Class;Lost
JOHNSTON, William Andrew;1903;1912;8;Male;;Passenger;3rd Class;Lost
JONES, Albert Hugh Brabner;1894;1912;17;Male;Single;Crew;Victualling;Lost
JONES, Arthur Ernest;1874;1912;37;Male;Single;Crew;Victualling;Lost
JONES, Harry Owen Glendower;1875;1912;36;Male;Married;Crew;Victualling;Lost
JONES, Victor Reginald;1891;1912;20;Male;Single;Crew;Victualling;Lost
JOUANNAULT, Georges Jules;1887;1912;24;Male;;Crew;A la Carte;Lost
JUKES, Henry James;1873;1912;38;Male;Single;Crew;Engine;Lost
JULIAN, Henry Forbes;1861;1912;50;Male;Married;Passenger;1st Class;Lost
JUSSILA, Katriina;1892;1912;20;Female;Single;Passenger;3rd Class;Lost
JUSSILA, Mari Aina;1891;1912;21;Female;Single;Passenger;3rd Class;Lost
JÖNSSON, Nils Hilding;1885;1912;27;Male;;Passenger;3rd Class;Lost
KALLIO, Nikolai Erland;1894;1912;17;Male;;Passenger;3rd Class;Lost
KALVIK, Johannes Halvorsen;1890;1912;21;Male;Engaged;Passenger;3rd Class;Lost
KARAJIĆ, Milan;1882;1912;30;Male;Married;Passenger;3rd Class;Lost
KARLSSON, Julius Konrad Eugen;1878;1912;33;Male;Married;Passenger;3rd Class;Lost
KARLSSON, Nils August;1889;1912;22;Male;Single;Passenger;3rd Class;Lost
KARNES, Claire;1889;1912;22;Female;Widowed;Passenger;2nd Class;Lost
KEANE, Andrew;1889;1912;23;Male;Single;Passenger;3rd Class;Lost
KEANE, Daniel;1876;1912;35;Male;Single;Passenger;2nd Class;Lost
KEARL, Charles Henry;1868;1912;44;Male;Married;Crew;Engine;Lost
KEARL, George Edward;1886;1912;25;Male;Single;Crew;Engine;Lost
KEEGAN, James;1874;1912;38;Male;Married;Crew;Engine;Lost
KELLAND, Thomas;1892;1912;19;Male;Single;Crew;Victualling;Lost
KELLY, James;1892;1912;19;Male;Single;Passenger;3rd Class;Lost
KELLY, James;1868;1912;44;Male;Married;Crew;Engine;Lost
KELLY, William Patrick;1888;1912;23;Male;Single;Crew;Engine;Lost
KEMP, Thomas Hulman;1869;1912;43;Male;Married;Crew;Engine;Lost
KENNELL, Charles;1882;1912;30;Male;;Crew;Victualling;Lost
KENYON, Frederick Roland;1871;1912;41;Male;Married;Passenger;1st Class;Lost
KENZLER, August;1868;1912;44;Male;Married;Crew;Engine;Lost
KERLEY, William Thomas;1884;1912;28;Male;Single;Crew;Victualling;Lost
KERR, Thomas Russell;1885;1912;26;Male;Married;Crew;Engine;Lost
KETCHLEY, Henry;1876;1912;36;Male;Married;Crew;Victualling;Lost
KHALIL, Betros;1887;1912;25;Male;Married;Passenger;3rd Class;Lost
KHALIL, Zahie;1892;1912;20;Female;Married;Passenger;3rd Class;Lost
KHALĪL 'ATTA ALLĀH, Sulaymān;1885;1912;27;Male;;Passenger;3rd Class;Lost
KIERAN, Edgar Michael;1878;1912;34;Male;Married;Crew;Victualling;Lost
KIERAN, James William;1877;1912;35;Male;Married;Crew;Victualling;Lost
KIERNAN, John Joseph;1885;1912;26;Male;;Passenger;3rd Class;Lost
KIERNAN, Philip;1890;1912;22;Male;Single;Passenger;3rd Class;Lost
KILGANNON, Thomas;1890;1912;21;Male;;Passenger;3rd Class;Lost
KINCHENTEN, Frederick Charles;1875;1912;36;Male;Single;Crew;Engine;Lost
KING, Thomas Walter;1869;1912;42;Male;Widowed;Crew;Deck;Lost
KINGSCOTE, William Ford;1864;1912;48;Male;Married;Crew;Victualling;Lost
KINK, Maria;1889;1912;23;Female;;Passenger;3rd Class;Lost
KINK, Vincenz;1885;1912;26;Male;;Passenger;3rd Class;Lost
KINSELLA, Louis;1881;1912;30;Male;Married;Crew;Engine;Lost
KIRKALDY, Thomas Benjamin;1876;1912;35;Male;Married;Crew;Victualling;Lost
KIRKHAM, James;1868;1912;43;Male;Married;Crew;Engine;Lost
KIRKLAND, Charles Leonard;1841;1912;71;Male;Married;Passenger;2nd Class;Lost
KITCHING, Arthur Alfred;1881;1912;31;Male;Single;Crew;Victualling;Lost
KLABER, Herman;1870;1912;41;Male;Married;Passenger;1st Class;Lost
KLASÉN, Gertrud Emilia;1910;1912;1;Female;;Passenger;3rd Class;Lost
KLASÉN, Hulda Kristina Eugenia;1876;1912;36;Female;Married;Passenger;3rd Class;Lost
KLASÉN, Klas Albin;1893;1912;18;Male;Single;Passenger;3rd Class;Lost
KLEIN, Herbert;1878;1912;34;Male;Married;Crew;Victualling;Lost
KNIGHT, Leonard George;1891;1912;21;Male;;Crew;Victualling;Lost
KNIGHT, Robert;1869;1912;42;Male;Married;Passenger;2nd Class;Lost
KOLEV, Petr;1876;1912;36;Male;;Passenger;3rd Class;Lost
KOLEV, Sotir;1888;1912;24;Male;;Passenger;3rd Class;Lost
KRAEFF, Theodor;;;;Male;;Passenger;3rd Class;Lost
KRINS, Georges Alexandre;1889;1912;23;Male;;Passenger;2nd Class;Lost
KUTSCHER (LITHMAN), Simon;1884;1912;27;Male;Married;Passenger;3rd Class;Lost
LACEY, Bertie William;1892;1912;19;Male;Single;Crew;Victualling;Lost
LAHHŪD ISHAQ MU'AWWAD, Sarkīs;1877;1912;35;Male;Married;Passenger;3rd Class;Lost
LAHTINEN, Anna Amelia;1878;1912;34;Female;Married;Passenger;2nd Class;Lost
LAHTINEN, William;1876;1912;35;Male;;Passenger;2nd Class;Lost
LAHY, T.;1871;1912;41;Male;;Crew;Engine;Lost
LAITINEN, Kristina Sofia;1873;1912;38;Female;Single;Passenger;3rd Class;Lost
LAKE, William;1866;1912;46;Male;Single;Crew;Victualling;Lost
LAM, Len;1889;1912;23;Male;;Passenger;3rd Class;Lost
LAMB, John J.;1881;1912;31;Male;Single;Passenger;2nd Class;Lost
LANE, Albert Edward;1879;1912;33;Male;Married;Crew;Victualling;Lost
LANE, Patrick;1896;1912;16;Male;Single;Passenger;3rd Class;Lost
LAROCHE, Joseph Philippe Lemercier;1886;1912;25;Male;;Passenger;2nd Class;Lost
LARSSON, August Viktor;1883;1912;29;Male;Married;Passenger;3rd Class;Lost
LARSSON, Bengt Edvin;1882;1912;29;Male;;Passenger;3rd Class;Lost
LATIMER, Andrew;1857;1912;55;Male;Married;Crew;Victualling;Lost
LEADER, Archibald;1889;1912;22;Male;Single;Crew;Victualling;Lost
LEE, Herbert Henry;1894;1912;17;Male;Single;Crew;Engine;Lost
LEFEBVRE, Frances Marie;1872;1912;40;Female;Married;Passenger;3rd Class;Lost
LEFEBVRE, Henry;1906;1912;5;Male;;Passenger;3rd Class;Lost
LEFEBVRE, Ida;1908;1912;3;Female;;Passenger;3rd Class;Lost
LEFEBVRE, Jeannie;1903;1912;8;Female;;Passenger;3rd Class;Lost
LEFEBVRE, Mathilde;1899;1912;12;Female;;Passenger;3rd Class;Lost
LEINONEN, Antti Gustaf;1880;1912;32;Male;;Passenger;3rd Class;Lost
LENNON, Denis;1891;1912;20;Male;Single;Passenger;3rd Class;Lost
LEONARD, Matthew;1886;1912;25;Male;Single;Crew;Victualling;Lost
LESTER, James;1871;1912;41;Male;;Passenger;3rd Class;Lost
LEVETT, George Alfred;1886;1912;25;Male;Married;Crew;Victualling;Lost
LEWY, Ervin G.;1881;1912;30;Male;Single;Passenger;1st Class;Lost
LIEVENS, René Aimé;1887;1912;24;Male;Single;Passenger;3rd Class;Lost
LIGHT, Charles Edward;1888;1912;24;Male;;Crew;Victualling;Lost
LIGHT, Christopher William;1891;1912;20;Male;Single;Crew;Engine;Lost
LIGHT, W.;1865;1912;47;Male;Married;Crew;Engine;Lost
LIND, Erik Gustaf;1869;1912;42;Male;Married;Passenger;1st Class;Lost
LINDAHL, Agda Thorilda Viktoria;1886;1912;25;Female;;Passenger;3rd Class;Lost
LINDBLOM, Augusta Charlotta;1867;1912;45;Female;Single;Passenger;3rd Class;Lost
LINDELL, Edvard Bengtsson;1876;1912;36;Male;Married;Passenger;3rd Class;Lost
LINDELL, Elin Gerda;1881;1912;30;Female;Married;Passenger;3rd Class;Lost
LINEHAN, Michael;1890;1912;21;Male;Single;Passenger;3rd Class;Lost
LING, Lee;1884;1912;28;Male;;Passenger;3rd Class;Lost
LINGANE, John;1850;1912;61;Male;Widowed;Passenger;2nd Class;Lost
LIVSHIN, David;1887;1912;25;Male;Married;Passenger;3rd Class;Lost
LLOYD, William;1883;1912;29;Male;Single;Crew;Engine;Lost
LOBB, William Arthur;1881;1912;31;Male;Married;Passenger;3rd Class;Lost
LOCKE, Albert George;1879;1912;33;Male;;Crew;Victualling;Lost
LONG, Frank;1880;1912;31;Male;Married;Crew;Engine;Lost
LONG, William;1876;1912;36;Male;Married;Crew;Engine;Lost
LONGMUIR, John Dickson;1892;1912;19;Male;Single;Crew;Victualling;Lost
LORING, Joseph Holland;1882;1912;30;Male;Married;Passenger;1st Class;Lost
LOVELL, John;1875;1912;37;Male;Single;Crew;Victualling;Lost
LOVELL, John Hall;1892;1912;20;Male;;Passenger;3rd Class;Lost
LUNDAHL, Johan Svensson;1861;1912;50;Male;Married;Passenger;3rd Class;Lost
LYDIATT, Charles;1867;1912;45;Male;Married;Crew;Victualling;Lost
LYNTAKOFF, Stanko;1868;1912;44;Male;;Passenger;3rd Class;Lost
LYONS, William Henry;1886;1912;25;Male;Single;Crew;Deck;Lost
LÉVY, René Jacques;1875;1912;36;Male;Married;Passenger;2nd Class;Lost
MABEY, John Charles;1888;1912;23;Male;Single;Crew;Victualling;Lost
MACKAY, George William;1892;1912;20;Male;;Passenger;3rd Class;Lost
MACKIE, George William;1877;1912;34;Male;Married;Crew;Victualling;Lost
MACKIE, William Dickson;1879;1912;32;Male;Widowed;Crew;Engine;Lost
MAGUIRE, John Edward;1882;1912;30;Male;Single;Passenger;1st Class;Lost
MAHON, Bridget Delia;1892;1912;20;Female;Single;Passenger;3rd Class;Lost
MAJOR, Thomas Edgar;1876;1912;35;Male;Married;Crew;Victualling;Lost
MALACHARD, Jean-Noël;1886;1912;25;Male;;Passenger;2nd Class;Lost
MALLET, Albert Denis Pierre;1866;1912;45;Male;Married;Passenger;2nd Class;Lost
MANGIAVACCHI, Emilio Giovanni Andrea Onorato;1864;1912;47;Male;;Passenger;2nd Class;Lost
MANTLE, Roland Frederick;1871;1912;40;Male;Married;Crew;Victualling;Lost
MARDIROSIAN, Sarkis;1887;1912;25;Male;;Passenger;3rd Class;Lost
MARETT, George John;1885;1912;26;Male;;Crew;Engine;Lost
MARINKO, Dmitri;1889;1912;23;Male;;Passenger;3rd Class;Lost
MARKOFF, Marin;1877;1912;35;Male;;Passenger;3rd Class;Lost
MARKS, James;1884;1912;27;Male;Married;Crew;Victualling;Lost
MARKUN, Johann;1879;1912;33;Male;Married;Passenger;3rd Class;Lost
MARVIN, Daniel Warner;1894;1912;18;Male;Married;Passenger;1st Class;Lost
MASKELL, Leopold Adolphus;1887;1912;25;Male;Married;Crew;Engine;Lost
MASON, J.;1873;1912;39;Male;Widowed;Crew;Engine;Lost
MATHIAS, Montague Vincent;1883;1912;29;Male;Married;Crew;Deck;Lost
MATINOFF, Nicola;1882;1912;30;Male;;Passenger;3rd Class;Lost
MATTHEWS, William John;1889;1912;23;Male;;Passenger;2nd Class;Lost
MATTMANN, Adolf;1891;1912;20;Male;Single;Crew;A la Carte;Lost
MAXWELL, John;1882;1912;29;Male;Married;Crew;Deck;Lost
MAY, Arthur William;1890;1912;22;Male;Married;Crew;Engine;Lost
MAY, Arthur William;1852;1912;59;Male;Married;Crew;Engine;Lost
MAYBERY, Frank Hubert;1875;1912;36;Male;;Passenger;2nd Class;Lost
MCANDREW, Thomas Patrick;1874;1912;38;Male;Single;Crew;Engine;Lost
MCANDREWS, William;1889;1912;23;Male;;Crew;Engine;Lost
MCCARTY, Frederick James;1873;1912;38;Male;Married;Crew;Victualling;Lost
MCCASTLIN, William;1883;1912;28;Male;Married;Crew;Engine;Lost
MCCAWLEY, Thomas W.;1876;1912;36;Male;;Crew;Victualling;Lost
MCCRIE, James Matthew;1879;1912;32;Male;Married;Passenger;2nd Class;Lost
MCEVOY, Michael;1892;1912;20;Male;;Passenger;3rd Class;Lost
MCGARVEY, Edward Joseph;1878;1912;34;Male;Married;Crew;Engine;Lost
MCGAW, Erroll Victor;1882;1912;30;Male;Married;Crew;Engine;Lost
MCGOWAN, Catherine;1869;1912;42;Female;Single;Passenger;3rd Class;Lost
MCINERNEY, Thomas;1873;1912;38;Male;Widowed;Crew;Engine;Lost
MCKANE, Peter Daniel;1865;1912;46;Male;Single;Passenger;2nd Class;Lost
MCMAHON, Martin;1893;1912;19;Male;Single;Passenger;3rd Class;Lost
MCMICKEN, Benjamin Tucker;1891;1912;21;Male;Single;Crew;Victualling;Lost
MCMULLIN, John Richard;1876;1912;36;Male;Single;Crew;Victualling;Lost
MCMURRAY, William;1868;1912;44;Male;Married;Crew;Victualling;Lost
MCNAMEE, Neal;1884;1912;27;Male;Married;Passenger;3rd Class;Lost
MCNEILL, Bridget;1880;1912;32;Female;Single;Passenger;3rd Class;Lost
MCRAE, William Alexander;1880;1912;32;Male;Married;Crew;Engine;Lost
MCREYNOLDS, William Thomas Carson;1889;1912;22;Male;Single;Crew;Engine;Lost
MEANWELL, Marian;1849;1912;62;Female;Married;Passenger;3rd Class;Lost
MEEHAN, John;1890;1912;22;Male;;Passenger;3rd Class;Lost
MEEK, Annie Louisa;1880;1912;32;Female;Married;Passenger;3rd Class;Lost
MEISNERE, Simon;1878;1912;34;Male;Married;Passenger;3rd Class;Lost
MELLOR, Arthur;1878;1912;34;Male;Single;Crew;Victualling;Lost
MERNAGH, Robert;1883;1912;28;Male;Single;Passenger;3rd Class;Lost
MEYER, August;1880;1912;31;Male;;Passenger;2nd Class;Lost
MEYER, Edgar Joseph;1884;1912;28;Male;Married;Passenger;1st Class;Lost
MIDDLETON, Alfred Pirrie;1884;1912;27;Male;Single;Crew;Engine;Lost
MIDDLETON, Mark Victor;1887;1912;24;Male;Single;Crew;Victualling;Lost
MIHOFF, Stoytcho;1884;1912;28;Male;;Passenger;3rd Class;Lost
MILES, Frank;1889;1912;23;Male;;Passenger;3rd Class;Lost
MILFORD, George;1884;1912;27;Male;Married;Crew;Engine;Lost
MILLAR, Robert;1885;1912;26;Male;Single;Crew;Engine;Lost
MILLAR, Thomas;1879;1912;32;Male;Widowed;Crew;Engine;Lost
MINEFF, Ivan;1888;1912;24;Male;;Passenger;3rd Class;Lost
MINKOFF, Lazar;1891;1912;21;Male;;Passenger;3rd Class;Lost
MINTRAM, William;1866;1912;46;Male;Widowed;Crew;Engine;Lost
MISH'ALĀNĪ, Ibrāhīm Mansūr;1858;1912;53;Male;Married;Crew;Victualling;Lost
MITCHELL, Henry Michael;1840;1912;71;Male;Widowed;Passenger;2nd Class;Lost
MITCHELL, Lorenzo Horace;1893;1912;19;Male;Single;Crew;Engine;Lost
MITKOFF, Mito;1889;1912;23;Male;;Passenger;3rd Class;Lost
MOLSON, Harry Markland;1856;1912;55;Male;Single;Passenger;1st Class;Lost
MONTEVERDI, Giovanni;1889;1912;23;Male;Single;Crew;A la Carte;Lost
MONTVILA, Juozas;1885;1912;27;Male;Single;Passenger;2nd Class;Lost
MOODY, James Paul;1887;1912;24;Male;Single;Crew;Deck;Lost
MOORE, Alfred Ernest;1873;1912;38;Male;Married;Crew;Victualling;Lost
MOORE, Clarence;1865;1912;47;Male;Married;Passenger;1st Class;Lost
MOORE, Leonard Charles;1893;1912;19;Male;Single;Passenger;3rd Class;Lost
MOORE, Ralph;1890;1912;22;Male;Single;Crew;Engine;Lost
MOORES, Richard Henry;1868;1912;44;Male;Widowed;Crew;Engine;Lost
MORAN, Daniel J.;1883;1912;28;Male;Single;Passenger;3rd Class;Lost
MORAWECK, Ernest;1858;1912;54;Male;Widowed;Passenger;2nd Class;Lost
MORGAN (BIRD), Charles Frederick;1868;1912;44;Male;Married;Crew;Victualling;Lost
MORGAN, Arthur Herbert;1885;1912;27;Male;Married;Crew;Engine;Lost
MORLEY, Henry Samuel;1873;1912;38;Male;Married;Passenger;2nd Class;Lost
MORLEY, William;1878;1912;34;Male;Single;Passenger;3rd Class;Lost
MORRIS, William Edward;1889;1912;23;Male;Single;Crew;Engine;Lost
MORROW, Thomas Rowan;1880;1912;31;Male;Single;Passenger;3rd Class;Lost
MOSS, William;1876;1912;35;Male;Married;Crew;Victualling;Lost
MOUTAL, Rahamin Haim;1884;1912;28;Male;Married;Passenger;3rd Class;Lost
MOYES, William Young;1887;1912;24;Male;Single;Crew;Engine;Lost
MUDD, Thomas Cupper;1895;1912;16;Male;Single;Passenger;2nd Class;Lost
MULLIN, Mary;1893;1912;18;Female;Single;Passenger;3rd Class;Lost
MURDLIN, Joseph;1890;1912;22;Male;Single;Passenger;3rd Class;Lost
MURDOCH, William McMaster;1873;1912;39;Male;Married;Crew;Deck;Lost
MYHRMAN, Pehr Fabian Oliver Malkolm;1893;1912;18;Male;Single;Passenger;3rd Class;Lost
MYLES, Thomas Francis;1849;1912;63;Male;Married;Passenger;2nd Class;Lost
MÄENPÄÄ, Matti Alexanteri;1889;1912;22;Male;;Passenger;3rd Class;Lost
MÄKINEN, Kalle Edvard;1882;1912;29;Male;Married;Passenger;3rd Class;Lost
MÜLLER, Ludwig;1875;1912;37;Male;Single;Crew;Victualling;Lost
NAIDENOFF, Penko;1890;1912;22;Male;;Passenger;3rd Class;Lost
NAKHLI, Toufik;1895;1912;17;Male;;Passenger;3rd Class;Lost
NANCARROW, William Henry;1876;1912;36;Male;Married;Passenger;3rd Class;Lost
NANKOFF, Minko;1880;1912;32;Male;;Passenger;3rd Class;Lost
NANNINI, Francesco Luigi Arcangelo;1870;1912;42;Male;Married;Crew;A la Carte;Lost
NASR 'ALMĀ, Mustafà;1892;1912;20;Male;Single;Passenger;3rd Class;Lost
NASR-RIZQ, Su'ādah Ḥannā;1892;1912;20;Male;;Passenger;3rd Class;Lost
NATSCH, Charles;1875;1912;36;Male;Married;Passenger;1st Class;Lost
NAUGHTON, Hannah;1891;1912;21;Female;Single;Passenger;3rd Class;Lost
NENKOV, Hristo;1890;1912;22;Male;;Passenger;3rd Class;Lost
NESSON, Israel;1886;1912;26;Male;Married;Passenger;2nd Class;Lost
NETTLETON, George Walter;1882;1912;30;Male;Single;Crew;Engine;Lost
NEWMAN, Charles Thomas;1879;1912;32;Male;Single;Crew;Engine;Lost
NICHOLLS, Sidney;1873;1912;39;Male;;Crew;Victualling;Lost
NICHOLS, Albert William Stanley;1864;1912;47;Male;Married;Crew;Deck;Lost
NICHOLS, Arthur;1866;1912;45;Male;Married;Crew;Victualling;Lost
NIEMINEN, Manta Josefina;1882;1912;29;Female;;Passenger;3rd Class;Lost
NIKLASSON, Samuel;1883;1912;28;Male;;Passenger;3rd Class;Lost
NILSSON, August Ferdinand;1890;1912;21;Male;Single;Passenger;3rd Class;Lost
NIVEN, John Brown;1881;1912;30;Male;Married;Crew;Engine;Lost
NOON, John Thomas;1870;1912;42;Male;Widowed;Crew;Engine;Lost
NORRIS, James;1890;1912;22;Male;Married;Crew;Engine;Lost
NOSS, Bertram Arthur;1892;1912;20;Male;Single;Crew;Engine;Lost
NOSWORTHY, Richard Cater;1891;1912;21;Male;Single;Passenger;3rd Class;Lost
NYSVEEN, Johannes Hansen;1851;1912;60;Male;Married;Passenger;3rd Class;Lost
O'BRIEN, Denis;1890;1912;22;Male;;Passenger;3rd Class;Lost
O'BRIEN, Thomas;1886;1912;26;Male;;Passenger;3rd Class;Lost
O'CONNELL, Patrick Denis;1893;1912;18;Male;Single;Passenger;3rd Class;Lost
O'CONNOR, Maurice;1896;1912;15;Male;Single;Passenger;3rd Class;Lost
O'CONNOR, Patrick;1888;1912;23;Male;Single;Passenger;3rd Class;Lost
O'CONNOR, Thomas Peter;1868;1912;44;Male;Married;Crew;Victualling;Lost
O'LOUGHLIN, William Francis Norman;1849;1912;62;Male;Single;Crew;Deck;Lost
O'SULLIVAN, Bridget Mary;1890;1912;21;Female;Single;Passenger;3rd Class;Lost
OLIVE, Charles;1881;1912;31;Male;Married;Crew;Engine;Lost
OLIVE, Ernest Roskelly;1885;1912;27;Male;Single;Crew;Victualling;Lost
OLSEN, Karl Siegwart Andreas;1870;1912;42;Male;Married;Passenger;3rd Class;Lost
OLSEN, Ole Martin;1885;1912;27;Male;;Passenger;3rd Class;Lost
OLSSON, Elida;1881;1912;31;Female;Single;Passenger;3rd Class;Lost
OLSSON, Nils Johan Göransson;1883;1912;28;Male;;Passenger;3rd Class;Lost
OREŠKOVIĆ, Jelka;1881;1912;30;Female;Single;Passenger;3rd Class;Lost
OREŠKOVIĆ, Luka;1892;1912;20;Male;Married;Passenger;3rd Class;Lost
OREŠKOVIĆ, Marija;1892;1912;19;Female;Single;Passenger;3rd Class;Lost
ORPET, Walter Hayward;1881;1912;31;Male;Single;Crew;Victualling;Lost
ORR, James;1872;1912;39;Male;Single;Crew;Victualling;Lost
OSBORNE, William Edward;1879;1912;33;Male;Single;Crew;Victualling;Lost
OSÉN, Olaf Elon;1895;1912;16;Male;Single;Passenger;3rd Class;Lost
OTTER, Richard;1873;1912;38;Male;Married;Passenger;2nd Class;Lost
OWEN, Lewis;1862;1912;49;Male;Married;Crew;Victualling;Lost
PACEY, Reginald lvan;1894;1912;17;Male;Single;Crew;Victualling;Lost
PACHERA, Jean Baptiste Stanislas;1892;1912;19;Male;;Crew;A la Carte;Lost
PAICE, Richard Charles John;1880;1912;32;Male;Married;Crew;Engine;Lost
PAIN, Alfred;1888;1912;23;Male;;Passenger;2nd Class;Lost
PAINTER, Charles;1880;1912;32;Male;Married;Crew;Engine;Lost
PAINTER, Frank;1883;1912;28;Male;Married;Crew;Engine;Lost
PAINTIN, James Arthur;1882;1912;29;Male;Married;Crew;Victualling;Lost
PALLES, Thomas Henry Michael;1867;1912;45;Male;Single;Crew;Engine;Lost
PANULA, Eino Viljam;1911;1912;1;Male;;Passenger;3rd Class;Lost
PANULA, Ernesti Arvid;1895;1912;16;Male;Single;Passenger;3rd Class;Lost
PANULA, Jaako Arnold;1897;1912;15;Male;Single;Passenger;3rd Class;Lost
PANULA, Juha Niilo;1904;1912;7;Male;;Passenger;3rd Class;Lost
PANULA, Maija Emelia Abrahamintytar;1870;1912;41;Female;Married;Passenger;3rd Class;Lost
PANULA, Urho Abraham;1909;1912;2;Male;;Passenger;3rd Class;Lost
PARKER, Clifford Richard;1894;1912;17;Male;Single;Passenger;2nd Class;Lost
PARKES, Francis;1890;1912;21;Male;Single;Passenger;2nd Class;Lost
PARR, William Henry Marsh;1882;1912;29;Male;Married;Passenger;1st Class;Lost
PARSONS, Edward;1874;1912;37;Male;Married;Crew;Victualling;Lost
PARSONS, Frank Alfred;1885;1912;26;Male;Married;Crew;Engine;Lost
PARSONS, Richard Henry;1893;1912;18;Male;Single;Crew;Victualling;Lost
PASIC, Jakob;1891;1912;21;Male;Single;Passenger;3rd Class;Lost
PATCHETT, George;1892;1912;18;Male;Single;Passenger;3rd Class;Lost
PAVLOVIĆ, Stefo;1880;1912;32;Male;Married;Passenger;3rd Class;Lost
PAYNE, Vivian Ponsonby;1888;1912;23;Male;;Passenger;1st Class;Lost
PEACOCK, Albert Edward;1911;1912;0;Male;;Passenger;3rd Class;Lost
PEACOCK, Edith;1886;1912;26;Female;Married;Passenger;3rd Class;Lost
PEACOCK, Treasteall;1908;1912;4;Female;;Passenger;3rd Class;Lost
PEARCE, Alfred Ernest;1887;1912;24;Male;Single;Crew;Victualling;Lost
PEARCE, Ernest;1880;1912;31;Male;Single;Passenger;3rd Class;Lost
PEARS, Thomas;1882;1912;29;Male;;Passenger;1st Class;Lost
PEDERSEN, Olaf;1883;1912;28;Male;Married;Passenger;3rd Class;Lost
PEDUZZI, Joseph;1887;1912;24;Male;;Passenger;3rd Class;Lost
PEKONIEMI, Edvard;1890;1912;21;Male;;Passenger;3rd Class;Lost
PELTOMÄKI, Nikolai Johannes;1886;1912;25;Male;Single;Passenger;3rd Class;Lost
PENGELLY, Frederick William;1892;1912;19;Male;Single;Passenger;2nd Class;Lost
PENNAL, Thomas Frederick Cohen;1878;1912;34;Male;Married;Crew;Victualling;Lost
PENNY, William Farr;1880;1912;31;Male;Married;Crew;Victualling;Lost
PENROSE, John Poole;1863;1912;49;Male;Married;Crew;Victualling;Lost
PERACCHIO, Alberto;1892;1912;20;Male;Single;Crew;A la Carte;Lost
PERACCHIO, Sebastiano;1894;1912;17;Male;Single;Crew;A la Carte;Lost
PERKIN, John Henry;1888;1912;23;Male;;Passenger;3rd Class;Lost
PERKINS, Laurence Alexander;1890;1912;22;Male;Single;Crew;Victualling;Lost
PERNOT, René;1872;1912;39;Male;Married;Passenger;2nd Class;Lost
PEROTTI, Alfonso;1891;1912;20;Male;Single;Crew;A la Carte;Lost
PERREN, William Charles;1864;1912;47;Male;Married;Crew;Victualling;Lost
PERRITON, Hubert Prouse;1880;1912;32;Male;Single;Crew;Victualling;Lost
PERRY, Henry Frederick;1889;1912;23;Male;Single;Crew;Engine;Lost
PERUSCHITZ, Josef;1871;1912;41;Male;Single;Passenger;2nd Class;Lost
PETERANEC KRAMARIĆ, Mathilda;1884;1912;28;Female;Widowed;Passenger;3rd Class;Lost
PETERS, Catherine;1884;1912;27;Female;Single;Passenger;3rd Class;Lost
PETERSEN, Marius;1887;1912;24;Male;Single;Passenger;3rd Class;Lost
PETROFF, Nedialco;1893;1912;19;Male;;Passenger;3rd Class;Lost
PETROFF, Pastcho;1883;1912;29;Male;;Passenger;3rd Class;Lost
PETTERSSON, Elin Natalia;1893;1912;18;Female;Single;Passenger;3rd Class;Lost
PETTERSSON, Johan Emil;1886;1912;25;Male;Single;Passenger;3rd Class;Lost
PEÑASCO Y CASTELLANA, Victor;1887;1912;24;Male;Married;Passenger;1st Class;Lost
PHILLIPS, Escott Robert;1868;1912;43;Male;Widowed;Passenger;2nd Class;Lost
PHILLIPS, George;1885;1912;27;Male;;Crew;Engine;Lost
PHILLIPS, John George;1887;1912;25;Male;Single;Crew;Victualling;Lost
PHILLIPS, Walter John;1875;1912;37;Male;Married;Crew;A la Carte;Lost
PIATTI, Louis;1895;1912;17;Male;Single;Crew;A la Carte;Lost
PITFIELD, William James;1886;1912;25;Male;Married;Crew;Engine;Lost
PLATT, Wilfred George;1894;1912;17;Male;Single;Crew;Victualling;Lost
PLOTCHARSKY, Vasil;1885;1912;27;Male;;Passenger;3rd Class;Lost
POCRNIĆ, Mate;1895;1912;17;Male;Single;Passenger;3rd Class;Lost
POCRNIĆ, Tome;1888;1912;24;Male;Married;Passenger;3rd Class;Lost
POND, George;1879;1912;32;Male;Single;Crew;Engine;Lost
PONESELL, Martin;1888;1912;24;Male;;Passenger;2nd Class;Lost
POOK, Percy Robert;1876;1912;36;Male;Single;Crew;Victualling;Lost
PORTEUS, Thomas Henry;1878;1912;33;Male;Single;Crew;Victualling;Lost
PRESTON, Thomas Charles Alfred;1891;1912;20;Male;Single;Crew;Engine;Lost
PRIDEAUX, John Arthur (Jack);1888;1912;23;Male;Single;Crew;Victualling;Lost
PROCTOR, Charles;1866;1912;45;Male;Married;Crew;Victualling;Lost
PROUDFOOT, Richard Royston;1890;1912;21;Male;Single;Crew;Engine;Lost
PRYCE, Charles William;1889;1912;22;Male;Married;Crew;Victualling;Lost
PUGH, Arthur Percy;1881;1912;31;Male;Single;Crew;Engine;Lost
PULBAUM, Franz;1884;1912;27;Male;;Passenger;2nd Class;Lost
PULNER, Uscher;1896;1912;16;Male;Single;Passenger;3rd Class;Lost
PUZEY, John Edward;1868;1912;44;Male;Married;Crew;Victualling;Lost
PÅLSSON, Gösta Leonard;1910;1912;2;Male;;Passenger;3rd Class;Lost
PÅLSSON, Paul Folke;1906;1912;6;Male;;Passenger;3rd Class;Lost
PÅLSSON, Stina Viola;1908;1912;3;Female;;Passenger;3rd Class;Lost
PÅLSSON, Torborg Danira;1903;1912;8;Female;;Passenger;3rd Class;Lost
RADEFF, Alexander;1885;1912;27;Male;;Passenger;3rd Class;Lost
RAFŪL-BŪLUS, Bākhūs;1891;1912;21;Male;Married;Passenger;3rd Class;Lost
RANDALL, Frank Henry;1883;1912;29;Male;Married;Crew;Victualling;Lost
RANSOM, James;1862;1912;49;Male;Married;Crew;Victualling;Lost
RATTENBURY, William Henry;1874;1912;38;Male;Married;Crew;Victualling;Lost
RATTI, Enrico;1890;1912;21;Male;Single;Crew;A la Carte;Lost
READ, Joseph;1891;1912;20;Male;;Crew;Engine;Lost
REED, James George;1893;1912;18;Male;Single;Passenger;3rd Class;Lost
REED, Thomas Charles Prowse;1857;1912;54;Male;Married;Crew;Victualling;Lost
REEVES, David;1875;1912;36;Male;Widowed;Passenger;2nd Class;Lost
REEVES, Frederick Vernon Hilton;1891;1912;20;Male;Single;Crew;Victualling;Lost
REID, Robert Thomas;1881;1912;31;Male;Single;Crew;Engine;Lost
REKIĆ, Tido (Ejdo);1874;1912;38;Male;Married;Passenger;3rd Class;Lost
RENOUF, Peter Henry;1878;1912;33;Male;Married;Passenger;2nd Class;Lost
RENTOWL, Philip Charles Thomas;1886;1912;26;Male;Single;Crew;Engine;Lost
REUCHLIN, Johan George;1874;1912;37;Male;;Passenger;1st Class;Lost
REVELL, William James Francis;1880;1912;31;Male;Married;Crew;Victualling;Lost
RICALDONE, Rinaldo Renato;1889;1912;22;Male;Single;Crew;A la Carte;Lost
RICE, Albert;1902;1912;10;Male;;Passenger;3rd Class;Lost
RICE, Arthur;1907;1912;4;Male;;Passenger;3rd Class;Lost
RICE, Eric;1905;1912;6;Male;;Passenger;3rd Class;Lost
RICE, Francis;1909;1912;2;Male;;Passenger;3rd Class;Lost
RICE, George;1903;1912;8;Male;;Passenger;3rd Class;Lost
RICE, Percy;1893;1912;19;Male;Single;Crew;Victualling;Lost
RICHARD, Emile Phillippe;1888;1912;23;Male;;Passenger;2nd Class;Lost
RICHARDS, Joseph James;1882;1912;30;Male;Married;Crew;Engine;Lost
RICKMAN, George Albert;1876;1912;36;Male;Married;Crew;Engine;Lost
RIDOUT, Walter George;1882;1912;29;Male;Single;Crew;Victualling;Lost
RIIHIVUORI, Susanna Juhantytär;1889;1912;22;Female;;Passenger;3rd Class;Lost
RIMMER, Gilbert;1883;1912;29;Male;Married;Crew;Victualling;Lost
RINTAMÄKI, Matti;1877;1912;35;Male;Married;Passenger;3rd Class;Lost
RISIEN, Emma Jane;1848;1912;64;Female;Married;Passenger;3rd Class;Lost
RISIEN, Samuel Beard;1842;1912;69;Male;Married;Passenger;3rd Class;Lost
ROBERTS, Robert George;1877;1912;35;Male;Married;Crew;Engine;Lost
ROBINS, Victor;1867;1912;45;Male;Married;Passenger;1st Class;Lost
ROEBLING, Washington Augustus;1881;1912;31;Male;;Passenger;1st Class;Lost
ROGERS, Michael Joseph;1885;1912;26;Male;Engaged;Crew;Victualling;Lost
ROGERS, Reginald Harry;1893;1912;18;Male;Single;Passenger;2nd Class;Lost
ROGERS, William John;1882;1912;29;Male;Married;Passenger;3rd Class;Lost
ROMMETVEDT, Knud Paust;1863;1912;49;Male;Married;Passenger;3rd Class;Lost
RONDBERG, Edvard Larsson;1889;1912;22;Male;Engaged;Passenger;3rd Class;Lost
ROOD, Hugh Roscoe;1873;1912;39;Male;Married;Passenger;1st Class;Lost
ROSBLOM, Helena Wilhelmina;1870;1912;41;Female;Married;Passenger;3rd Class;Lost
ROSBLOM, Salli Helena;1910;1912;2;Female;;Passenger;3rd Class;Lost
ROSBLOM, Viktor Richard;1894;1912;18;Male;;Passenger;3rd Class;Lost
ROSS, John Hugo;1875;1912;36;Male;;Passenger;1st Class;Lost
ROTHSCHILD, Martin;1865;1912;46;Male;Married;Passenger;1st Class;Lost
ROTTA, Angelo Mario;1888;1912;23;Male;Single;Crew;A la Carte;Lost
ROUS, Arthur John;1886;1912;26;Male;Single;Crew;Engine;Lost
ROUSE, Richard Henry;1857;1912;55;Male;Married;Passenger;3rd Class;Lost
ROUSSEAU, Pierre;1863;1912;48;Male;Married;Crew;A la Carte;Lost
ROWE, Edgar Maurice;1880;1912;31;Male;Single;Crew;Victualling;Lost
RUSH, Alfred George John;1895;1912;17;Male;;Passenger;3rd Class;Lost
RUSSELL, Boysie Richard;1894;1912;17;Male;Single;Crew;Victualling;Lost
RUTTER, Sidney Frank;1885;1912;26;Male;Married;Crew;Engine;Lost
RYAN, Patrick;1880;1912;32;Male;Single;Passenger;3rd Class;Lost
RYAN, Thomas;1884;1912;28;Male;Married;Crew;Victualling;Lost
RYERSON, Arthur Larned;1851;1912;61;Male;Married;Passenger;1st Class;Lost
SAAD, Amin Houssein;1882;1912;30;Male;;Passenger;3rd Class;Lost
SACCAGGI, Giovanni Giuseppe Emilio;1887;1912;24;Male;Married;Crew;A la Carte;Lost
SADLIER, Matthew;1892;1912;19;Male;Single;Passenger;3rd Class;Lost
SADOWITZ, Henry;1895;1912;17;Male;Single;Passenger;3rd Class;Lost
SAGE, Annie Elizabeth;1867;1912;44;Female;Married;Passenger;3rd Class;Lost
SAGE, Constance Gladys;1904;1912;7;Female;;Passenger;3rd Class;Lost
SAGE, Dorothy Florence;1897;1912;14;Female;;Passenger;3rd Class;Lost
SAGE, Douglas Bullen;1893;1912;18;Male;Single;Passenger;3rd Class;Lost
SAGE, Elizabeth Ada;1901;1912;10;Female;;Passenger;3rd Class;Lost
SAGE, Frederick;1895;1912;16;Male;Single;Passenger;3rd Class;Lost
SAGE, George John;1892;1912;19;Male;Engaged;Passenger;3rd Class;Lost
SAGE, John George;1867;1912;44;Male;Married;Passenger;3rd Class;Lost
SAGE, Stella Anne;1891;1912;20;Female;Single;Passenger;3rd Class;Lost
SAGE, Thomas Henry;1907;1912;5;Male;;Passenger;3rd Class;Lost
SALANDER, Karl Johan;1887;1912;24;Male;;Passenger;3rd Class;Lost
SALONEN, Johan Werner;1883;1912;29;Male;;Passenger;3rd Class;Lost
SALUSSOLIA, Govanni;1886;1912;25;Male;Single;Crew;A la Carte;Lost
SAMAAN, Elias;1895;1912;17;Male;;Passenger;3rd Class;Lost
SAMAAN, Hanna Elias;1872;1912;40;Male;;Passenger;3rd Class;Lost
SAMAAN, Youssef;1896;1912;16;Male;;Passenger;3rd Class;Lost
SANGSTER, Charles Edward;1882;1912;30;Male;Widowed;Crew;Engine;Lost
SARTORI, Lazar;1888;1912;24;Male;;Crew;A la Carte;Lost
SAUNDERCOCK, William Henry;1892;1912;19;Male;;Passenger;3rd Class;Lost
SAUNDERS, F.;1890;1912;22;Male;Single;Crew;Engine;Lost
SAUNDERS, William Ernest;1879;1912;32;Male;Single;Crew;Victualling;Lost
SAUNDERS, William Henry;1881;1912;31;Male;Single;Crew;Engine;Lost
SAWYER, Robert James;1880;1912;31;Male;Married;Crew;Deck;Lost
SCANLAN, James;1891;1912;20;Male;Single;Passenger;3rd Class;Lost
SCAVINO, Candido;1869;1912;42;Male;Married;Crew;A la Carte;Lost
SCHMIDT, Augustus;1890;1912;22;Male;;Passenger;2nd Class;Lost
SCOTT, Archibald;1870;1912;42;Male;Married;Crew;Engine;Lost
SCOTT, John;1892;1912;20;Male;Single;Crew;Victualling;Lost
SCOVELL, Robert;1857;1912;55;Male;Married;Crew;Victualling;Lost
SDYCOFF, Todor;1870;1912;42;Male;;Passenger;3rd Class;Lost
SEDGWICK, Charles Frederick Waddington;1884;1912;28;Male;Married;Passenger;2nd Class;Lost
SEDUNARY, Samuel Francis;1887;1912;25;Male;Married;Crew;Victualling;Lost
SELF, Alfred Henry;1872;1912;39;Male;Married;Crew;Engine;Lost
SEMAN, Betros;1902;1912;10;Male;;Passenger;3rd Class;Lost
SESIA, Giacomo;1888;1912;24;Male;Single;Crew;A la Carte;Lost
SHANNON, Andrew John;1876;1912;35;Male;Married;Passenger;3rd Class;Lost
SHARP, Percival;1882;1912;29;Male;Single;Passenger;2nd Class;Lost
SHAUGHNESSY, Patrick;1886;1912;25;Male;Single;Passenger;3rd Class;Lost
SHAW, Henry;1870;1912;41;Male;Single;Crew;Victualling;Lost
SHEA, Thomas;1880;1912;32;Male;Single;Crew;Engine;Lost
SHELLARD, Frederick Blainey;1857;1912;55;Male;Married;Passenger;3rd Class;Lost
SHEPHERD, Jonathan;1880;1912;32;Male;Single;Crew;Engine;Lost
SHIHĀB, Al-Amīr Fāris;1886;1912;26;Male;;Passenger;3rd Class;Lost
SHORNEY, Charles Joseph;1889;1912;22;Male;;Passenger;3rd Class;Lost
SIEBERT, Sidney Conrad;1882;1912;29;Male;Married;Crew;Victualling;Lost
SILVEY, William Baird;1861;1912;51;Male;Married;Passenger;1st Class;Lost
SIMMONS, Frederick Charles;1887;1912;24;Male;Married;Crew;Victualling;Lost
SIMMONS, John;1872;1912;40;Male;Single;Passenger;3rd Class;Lost
SIMMONS, William Simon Catcott;1875;1912;37;Male;Married;Crew;Victualling;Lost
SIMPSON, John Edward;1875;1912;37;Male;Married;Crew;Deck;Lost
SIRAGANIAN, Arsen;1890;1912;22;Male;;Passenger;3rd Class;Lost
SIROTA, Morris;1892;1912;19;Male;;Passenger;3rd Class;Lost
SIVIER, William;1888;1912;23;Male;Single;Crew;Victualling;Lost
SIVIĆ, Husein;1872;1912;40;Male;Married;Passenger;3rd Class;Lost
SIVOLA, Antti Wilhelm;1891;1912;21;Male;;Passenger;3rd Class;Lost
SJÖSTEDT, Ernst Adolf;1852;1912;59;Male;Married;Passenger;2nd Class;Lost
SKEATES, William;1889;1912;23;Male;Married;Crew;Engine;Lost
SKINNER, Edward;1871;1912;41;Male;Single;Crew;Victualling;Lost
SKOOG, Anna Bernhardina;1868;1912;43;Female;Married;Passenger;3rd Class;Lost
SKOOG, Harald;1906;1912;5;Male;;Passenger;3rd Class;Lost
SKOOG, Karl Thorsten;1900;1912;11;Male;;Passenger;3rd Class;Lost
SKOOG, Mabel;1902;1912;9;Female;;Passenger;3rd Class;Lost
SKOOG, Margit Elizabeth;1910;1912;2;Female;;Passenger;3rd Class;Lost
SKOOG, Wilhelm Johansson;1872;1912;40;Male;Married;Passenger;3rd Class;Lost
SLABENOFF, Petco;1870;1912;42;Male;;Passenger;3rd Class;Lost
SLEMEN, Richard James;1876;1912;35;Male;Single;Passenger;2nd Class;Lost
SLIGHT, Harry John;1878;1912;33;Male;Married;Crew;Victualling;Lost
SLIGHT, William Henry James;1875;1912;36;Male;Widowed;Crew;Victualling;Lost
SLOAN, Peter;1881;1912;31;Male;Married;Crew;Engine;Lost
SLOCOVSKI, Selman Francis;1892;1912;20;Male;;Passenger;3rd Class;Lost
SMALL, William McMillan;1870;1912;42;Male;Married;Crew;Engine;Lost
SMART, John Montgomery;1856;1912;56;Male;Single;Passenger;1st Class;Lost
SMILJANIĆ, Mile;1875;1912;37;Male;Married;Passenger;3rd Class;Lost
SMITH, Charles Henry James;1867;1912;45;Male;Married;Crew;Victualling;Lost
SMITH, Edward John;1850;1912;62;Male;Married;Crew;Deck;Lost
SMITH, Ernest George;1885;1912;27;Male;Single;Crew;Engine;Lost
SMITH, James Clinch;1856;1912;56;Male;Married;Passenger;1st Class;Lost
SMITH, James Muil;1873;1912;39;Male;Married;Crew;Engine;Lost
SMITH, James William;1887;1912;24;Male;Single;Crew;Victualling;Lost
SMITH, John Richard Jago;1877;1912;35;Male;Engaged;Crew;Victualling;Lost
SMITH, Lucian Philip;1887;1912;24;Male;Married;Passenger;1st Class;Lost
SMITH, Reginald George;1879;1912;33;Male;Single;Crew;Victualling;Lost
SMITH, Richard William;1854;1912;57;Male;Single;Passenger;1st Class;Lost
SMITH, William;1886;1912;26;Male;Single;Crew;Deck;Lost
SMITHER, Harry James;1889;1912;22;Male;Married;Crew;Engine;Lost
SMYTH, Thomas;1886;1912;26;Male;Single;Passenger;3rd Class;Lost
SNAPE, Lucy Violet;1890;1912;22;Female;Widowed;Crew;Victualling;Lost
SNELLGROVE, George;1871;1912;41;Male;Married;Crew;Engine;Lost
SNOOK, William Henry;1886;1912;25;Male;Single;Crew;Engine;Lost
SOBEY, Samuel James Hayden;1886;1912;25;Male;Single;Passenger;2nd Class;Lost
SOMERTON, Francis William;1881;1912;30;Male;Married;Passenger;3rd Class;Lost
SPECTOR, Woolf;1889;1912;23;Male;Single;Passenger;3rd Class;Lost
SPENCER, William Augustus;1855;1912;57;Male;Married;Passenger;1st Class;Lost
SPINNER, Henry John;1880;1912;31;Male;Married;Passenger;3rd Class;Lost
STAGG, John Henry;1873;1912;38;Male;Married;Crew;Victualling;Lost
STANEFF, Ivan;1889;1912;23;Male;;Passenger;3rd Class;Lost
STANKOVIĆ, Ivan;1879;1912;33;Male;Single;Passenger;3rd Class;Lost
STANLEY, Rowland Edwin;1890;1912;22;Male;Single;Passenger;3rd Class;Lost
STANTON, Samuel Ward;1870;1912;42;Male;Married;Passenger;2nd Class;Lost
STEAD, William Thomas;1849;1912;62;Male;Married;Passenger;1st Class;Lost
STEBBINGS, Sydney Frederick;1876;1912;36;Male;Married;Crew;Victualling;Lost
STEEL, Robert Edward;1882;1912;29;Male;Single;Crew;Engine;Lost
STEWART, Albert Ankeny;1848;1912;64;Male;Married;Passenger;1st Class;Lost
STOCKER, Henry Dorey;1892;1912;20;Male;Single;Crew;Engine;Lost
STOYTCHEFF, Ilia;1893;1912;19;Male;;Passenger;3rd Class;Lost
STRANDBERG, Ida Sofia;1889;1912;22;Female;;Passenger;3rd Class;Lost
STRAUS, Rosalie Ida;1849;1912;63;Female;Married;Passenger;1st Class;Lost
STRILIĆ, Ivan;1885;1912;26;Male;Married;Passenger;3rd Class;Lost
STROUD, Edward Alfred Orlando;1893;1912;19;Male;Single;Crew;Victualling;Lost
STROUD, Harry John;1876;1912;35;Male;Single;Crew;Victualling;Lost
STRUGNELL, John Herbert;1878;1912;34;Male;Single;Crew;Victualling;Lost
STRÖM, Elna Matilda;1882;1912;29;Female;Married;Passenger;3rd Class;Lost
STRÖM, Telma Matilda;1909;1912;2;Female;;Passenger;3rd Class;Lost
STUBBINGS, Harry Robert;1881;1912;31;Male;Single;Crew;Victualling;Lost
STUBBS, James Henry;1884;1912;28;Male;Single;Crew;Engine;Lost
SUTEHALL, Henry;1886;1912;25;Male;Engaged;Passenger;3rd Class;Lost
SVENSSON, Johan;1837;1912;74;Male;Widowed;Passenger;3rd Class;Lost
SVENSSON, Olof;1887;1912;24;Male;;Passenger;3rd Class;Lost
SWAN, William;1864;1912;48;Male;Married;Crew;Victualling;Lost
SWEET, George Frederick;1897;1912;14;Male;;Passenger;2nd Class;Lost
SYMONDS, John Crane;1867;1912;44;Male;Single;Crew;Victualling;Lost
SØHOLT, Peter Andreas Lauritz Andersen;1892;1912;19;Male;Single;Passenger;3rd Class;Lost
TANNŪS, Bashīr;1881;1912;30;Male;;Passenger;3rd Class;Lost
TAUSSIG, Emil;1857;1912;54;Male;Married;Passenger;1st Class;Lost
TAYLOR, Bernard Cuthbert;1889;1912;22;Male;Single;Crew;Victualling;Lost
TAYLOR, Charles William Frederick;1875;1912;37;Male;Married;Crew;Deck;Lost
TAYLOR, J.;1870;1912;42;Male;Married;Crew;Engine;Lost
TAYLOR, John Henry;1862;1912;49;Male;Married;Crew;Engine;Lost
TAYLOR, Leonard;1893;1912;19;Male;;Crew;Victualling;Lost
TAYLOR, Percy Cornelius;1872;1912;40;Male;Married;Passenger;2nd Class;Lost
TAYLOR, William John;1881;1912;31;Male;Married;Crew;Victualling;Lost
TERRELL, Bertram;1893;1912;19;Male;Single;Crew;Deck;Lost
TESTONI, Ercole;1888;1912;23;Male;Single;Crew;A la Carte;Lost
THALER, Montague Donald;1894;1912;17;Male;Single;Crew;Victualling;Lost
THAYER, John Borland;1862;1912;49;Male;Married;Passenger;1st Class;Lost
THOMAS, Joseph Wakefield;1888;1912;23;Male;Married;Crew;Engine;Lost
THOMPSON, Alexander Mellis;1875;1912;36;Male;Married;Passenger;3rd Class;Lost
THOMPSON, Herbert Henry;1887;1912;25;Male;Married;Crew;Victualling;Lost
THORLEY, William Gordon;1871;1912;41;Male;Single;Crew;Victualling;Lost
THORN, Harry;1886;1912;25;Male;Married;Crew;Victualling;Lost
THORNEYCROFT, Percival;1875;1912;36;Male;Married;Passenger;3rd Class;Lost
TIETZ, Carlo/Karl;1885;1912;27;Male;;Crew;A la Carte;Lost
TIKKANEN, Juho;1879;1912;32;Male;;Passenger;3rd Class;Lost
TIZARD, Arthur Leopold;1881;1912;31;Male;Married;Crew;Engine;Lost
TOBIN, Roger;1891;1912;20;Male;Single;Passenger;3rd Class;Lost
TODOROFF, Lalio;1889;1912;23;Male;;Passenger;3rd Class;Lost
TOPP, Thomas;1884;1912;27;Male;Married;Crew;Victualling;Lost
TORFA, Assad;1892;1912;20;Male;;Passenger;3rd Class;Lost
TOSHACK, James Adamson;1881;1912;30;Male;Married;Crew;Victualling;Lost
TOTEVSKI, Hristo Danchev;1887;1912;25;Male;Married;Passenger;3rd Class;Lost
TOZER, James;1880;1912;32;Male;Single;Crew;Engine;Lost
TROUPIANSKY, Moses Aaron;1889;1912;23;Male;;Passenger;2nd Class;Lost
TU'MAH AL-SAYQALĪ, Assāf Jirjis;1883;1912;29;Male;;Passenger;3rd Class;Lost
TURLEY, Richard;1875;1912;37;Male;Married;Crew;Engine;Lost
TURNER, George Frederick;1870;1912;42;Male;Married;Crew;Victualling;Lost
TURPIN, Dorothy Ann;1885;1912;26;Female;Married;Passenger;2nd Class;Lost
TURPIN, William John;1882;1912;29;Male;Married;Passenger;2nd Class;Lost
TURVEY, Charles Thomas;1895;1912;17;Male;Single;Crew;A la Carte;Lost
TURČIN, Stjepan;1876;1912;36;Male;Married;Passenger;3rd Class;Lost
TÖRBER, Ernst Wilhelm;1871;1912;41;Male;;Passenger;3rd Class;Lost
URBINI, Roberto;1891;1912;20;Male;Single;Crew;A la Carte;Lost
URUCHURTU, Manuel Ramirez;1872;1912;39;Male;Married;Passenger;1st Class;Lost
VALVASSORI, Ettore Luigi;1876;1912;35;Male;Married;Crew;A la Carte;Lost
VAN BILLIARD, James William;1901;1912;10;Male;;Passenger;3rd Class;Lost
VAN DE VELDE, Johannes Josef;1876;1912;35;Male;Married;Passenger;3rd Class;Lost
VAN DEN STEEN, Leo Peter;1883;1912;28;Male;;Passenger;3rd Class;Lost
VAN DER BRUGGE, Wessel Adrianus;1873;1912;38;Male;Single;Crew;Engine;Lost
VAN IMPE, Catharina;1901;1912;10;Female;;Passenger;3rd Class;Lost
VAN IMPE, Jean Baptiste;1875;1912;36;Male;;Passenger;3rd Class;Lost
VAN IMPE, Rosalie Paula;1881;1912;30;Female;Married;Passenger;3rd Class;Lost
VAN MELCKEBEKE, Philemon;1889;1912;23;Male;;Passenger;3rd Class;Lost
VANDERCRUYSSEN, Victor;1865;1912;46;Male;;Passenger;3rd Class;Lost
VANDERPLANCKE, Augusta Maria;1893;1912;18;Female;Single;Passenger;3rd Class;Lost
VANDERPLANCKE, Emelie Maria;1880;1912;31;Female;Married;Passenger;3rd Class;Lost
VANDERPLANCKE, Julius;1881;1912;31;Male;Married;Passenger;3rd Class;Lost
VANDERPLANCKE, Leo Edmondus;1896;1912;15;Male;Single;Passenger;3rd Class;Lost
VANDEWALLE, Nestor Cyriel;1883;1912;28;Male;;Passenger;3rd Class;Lost
VEAL, Arthur;1876;1912;36;Male;Married;Crew;Engine;Lost
VEAL, James;1871;1912;40;Male;;Passenger;2nd Class;Lost
VEAL, Thomas Henry Edom;1874;1912;38;Male;Married;Crew;Victualling;Lost
VEAR, Henry;1879;1912;33;Male;Widowed;Crew;Engine;Lost
VESTRÖM, Hulda Amanda Adolfina;1897;1912;14;Female;;Passenger;3rd Class;Lost
VICAT, Alphonse Jean Eugene;1890;1912;21;Male;;Crew;A la Carte;Lost
VILLVARLANGE, Pierre Léon Gabriel;1893;1912;19;Male;Single;Crew;A la Carte;Lost
VINE, Herbert Thomas Gordon;1894;1912;17;Male;Single;Crew;A la Carte;Lost
VIONI, Roberto;1886;1912;25;Male;Married;Crew;A la Carte;Lost
VOVK, Janko;1891;1912;21;Male;Single;Passenger;3rd Class;Lost
VULCHEV, Minko Anghelov;1886;1912;26;Male;Married;Passenger;3rd Class;Lost
VÖGELIN-DUBACH, Johannes;1876;1912;35;Male;Married;Crew;A la Carte;Lost
WAKE, Percy;1874;1912;37;Male;Married;Crew;Victualling;Lost
WALKER, William Anderson;1863;1912;48;Male;;Passenger;1st Class;Lost
WALLIS, Catherine Jane;1876;1912;36;Female;Widowed;Crew;Victualling;Lost
WALPOLE, James;1864;1912;48;Male;Single;Crew;Victualling;Lost
WALSH, Kate;1869;1912;42;Female;Married;Crew;Victualling;Lost
WARD, Arthur;1888;1912;23;Male;;Crew;Engine;Lost
WARD, Edward Bryon;1878;1912;34;Male;Single;Crew;Victualling;Lost
WARD, James William;1881;1912;31;Male;Single;Crew;Engine;Lost
WARD, Percy Thomas;1872;1912;40;Male;Married;Crew;Victualling;Lost
WARDNER, Fred Albert;1872;1912;40;Male;Married;Crew;Engine;Lost
WARE, Frederick;1877;1912;35;Male;Married;Passenger;3rd Class;Lost
WARE, John James;1865;1912;46;Male;Married;Passenger;2nd Class;Lost
WARE, William Jeffery;1889;1912;22;Male;Single;Passenger;2nd Class;Lost
WARREN, Charles William;1881;1912;31;Male;Married;Passenger;3rd Class;Lost
WARREN, Frank Manley;1848;1912;63;Male;Married;Passenger;1st Class;Lost
WARWICK, Tom;1886;1912;25;Male;Married;Crew;Victualling;Lost
WATERIDGE, Edward Lewis;1886;1912;26;Male;Single;Crew;Engine;Lost
WATSON, Ennis Hastings;1893;1912;18;Male;Single;Passenger;2nd Class;Lost
WATSON, William Albert;1897;1912;14;Male;;Crew;Victualling;Lost
WAZNAH, Yūsuf Ahmad;1889;1912;23;Male;Single;Passenger;3rd Class;Lost
WEATHERSTON, Thomas Herbert;1887;1912;25;Male;Single;Crew;Victualling;Lost
WEBB, Brook Holden;1862;1912;50;Male;Married;Crew;Victualling;Lost
WEBB, Samuel Francis;1883;1912;28;Male;Single;Crew;Engine;Lost
WEBBER, Francis Albert;1881;1912;30;Male;Single;Crew;Engine;Lost
WEBBER, James;1846;1912;66;Male;Single;Passenger;3rd Class;Lost
WEIR, John;1850;1912;61;Male;Married;Passenger;1st Class;Lost
WELCH, William Harold;1890;1912;21;Male;Single;Crew;Victualling;Lost
WENDEL, Olof Edvin;1891;1912;20;Male;;Passenger;3rd Class;Lost
WEST, Edwy Arthur;1875;1912;36;Male;Married;Passenger;2nd Class;Lost
WHEADON, Edward Henry;1846;1912;65;Male;Widowed;Passenger;2nd Class;Lost
WHEELER, Edwin Charles;1886;1912;26;Male;;Passenger;2nd Class;Lost
WHITE, Albert;1895;1912;17;Male;;Crew;Engine;Lost
WHITE, Frank Leonard;1884;1912;27;Male;Single;Crew;Engine;Lost
WHITE, Leonard Lisle Oliver;1880;1912;32;Male;Married;Crew;Victualling;Lost
WHITE, Percival Wayland;1857;1912;54;Male;Married;Passenger;1st Class;Lost
WHITFORD, Alfred Henry;1872;1912;39;Male;Married;Crew;Victualling;Lost
WICK, George Dennick;1854;1912;57;Male;Married;Passenger;1st Class;Lost
WIDEGREN, Carl Peter;1861;1912;51;Male;Married;Passenger;3rd Class;Lost
WIDENER, George Dunton;1861;1912;50;Male;;Passenger;1st Class;Lost
WIDENER, Harry Elkins;1885;1912;27;Male;;Passenger;1st Class;Lost
WIKLUND, Karl Johan;1893;1912;18;Male;;Passenger;3rd Class;Lost
WILDE, Henry Tingle;1872;1912;39;Male;Widowed;Crew;Deck;Lost
WILLER, Aaron;1875;1912;37;Male;Married;Passenger;3rd Class;Lost
WILLEY, Edward John;1891;1912;20;Male;;Passenger;3rd Class;Lost
WILLIAMS, Arthur John;1870;1912;42;Male;Married;Crew;Victualling;Lost
WILLIAMS, Charles Duane;1860;1912;51;Male;;Passenger;1st Class;Lost
WILLIAMS, Fletcher Fellowes Lambert;1868;1912;43;Male;Married;Passenger;1st Class;Lost
WILLIAMS, Howard Hugh;1884;1912;28;Male;Married;Passenger;3rd Class;Lost
WILLIAMS, Samuel Solomon;1884;1912;28;Male;Single;Crew;Engine;Lost
WILLIAMSON, James Bertram;1876;1912;35;Male;Single;Crew;Victualling;Lost
WILLIS, William;1853;1912;59;Male;Married;Crew;Victualling;Lost
WILLSHER, William Aubrey;1878;1912;33;Male;Married;Crew;Victualling;Lost
WILSON, Bertie;1884;1912;27;Male;Married;Crew;Engine;Lost
WILTON, William Edward;1858;1912;53;Male;Married;Crew;Engine;Lost
WINDELØV, Einar;1890;1912;21;Male;;Passenger;3rd Class;Lost
WINSER, Rowland;1876;1912;35;Male;Married;Crew;Victualling;Lost
WISEMAN, Philip;1858;1912;53;Male;Married;Passenger;3rd Class;Lost
WITCHER, Albert Ernest;1873;1912;39;Male;Married;Crew;Engine;Lost
WITT, Henry Dennis;1874;1912;37;Male;Single;Crew;Engine;Lost
WITTEVRONGEL, Camilius Aloysius;1875;1912;36;Male;Single;Passenger;3rd Class;Lost
WITTS, William Francis;1877;1912;35;Male;Single;Crew;Engine;Lost
WOOD, Henry;1881;1912;31;Male;Single;Crew;Engine;Lost
WOOD, James Thomas;1863;1912;49;Male;Married;Crew;Victualling;Lost
WOODWARD, John Wesley;1879;1912;32;Male;Engaged;Passenger;2nd Class;Lost
WORTHMAN, William Henry;1875;1912;37;Male;Married;Crew;Engine;Lost
WRAPSON, Frederick Bernard;1893;1912;18;Male;Single;Crew;Victualling;Lost
WRIGHT, Frederick;1888;1912;24;Male;Single;Crew;Victualling;Lost
WRIGHT, George;1849;1912;62;Male;;Passenger;1st Class;Lost
WYETH, James Robert;1886;1912;25;Male;Married;Crew;Engine;Lost
YAZBAK, Antūn Mūsà;1885;1912;27;Male;Married;Passenger;3rd Class;Lost
YONKOV, Lazar “Lalyo”;1889;1912;23;Male;;Passenger;3rd Class;Lost
YOUNG, Francis James;1879;1912;32;Male;Married;Crew;Engine;Lost
YOUSSIFF (SAM'AAN), Gerios;1867;1912;45;Male;;Passenger;3rd Class;Lost
YVOIS, Henriette Virginie;1889;1912;22;Female;Single;Passenger;2nd Class;Lost
ZAKARIAN, Haroutioun;1885;1912;27;Male;;Passenger;3rd Class;Lost
ZANETTI, Minio;1892;1912;20;Male;Single;Crew;A la Carte;Lost
ZARRACCHI, L.;1886;1912;26;Male;Single;Crew;A la Carte;Lost
ZIMMERMANN, Leo;1883;1912;29;Male;Single;Passenger;3rd Class;Lost
ÄIJÖ-NIRVA, Isakki Antonpoika;1870;1912;41;Male;;Passenger;3rd Class;Lost
ÖDAHL, Nils Martin;1888;1912;23;Male;;Passenger;3rd Class;Lost
ČALIĆ, Jovo;1895;1912;17;Male;Single;Passenger;3rd Class;Lost
ČALIĆ, Petar;1895;1912;17;Male;Single;Passenger;3rd Class;Lost
ČAČIĆ, Jego Grga;1894;1912;18;Male;Single;Passenger;3rd Class;Lost
ČAČIĆ, Luka;1873;1912;38;Male;Married;Passenger;3rd Class;Lost
ČAČIĆ, Manda;1891;1912;20;Female;Single;Passenger;3rd Class;Lost
ČAČIĆ, Marija;1875;1912;36;Female;Single;Passenger;3rd Class;Lost
ČOR, Bartol;1877;1912;35;Male;Married;Passenger;3rd Class;Lost
ČOR, Ivan;1885;1912;27;Male;Married;Passenger;3rd Class;Lost
ČOR, Liudevit;1893;1912;19;Male;Married;Passenger;3rd Class;Lost
ČULUMOVIĆ, Jeso;1895;1912;17;Male;Single;Passenger;3rd Class;Lost
ṬANNŪS MU'AWWAD, Ḥannā;1877;1912;34;Male;;Passenger;3rd Class;Lost
ṬANNŪS, Ṭannūs Ḥannā Mu'awwad;1896;1912;16;Male;;Passenger;3rd Class;Lost
