height,weight,chest_circ,tshirt_size,color
1560,657,92.2,Small,red
1665,534,83.9,2X-Small,pink
1711,663,87.4,Extra Small,yellow
1660,782,100.8,Medium,blue
1572,886,108.9,Large,lawngreen
1707,837,103.1,Large,lawngreen
1644,732,98.8,Medium,blue
1671,760,96.8,Medium,blue
1521,545,83.1,2X-Small,pink
1590,684,101.0,Medium,blue
1707,990,106.5,Large,lawngreen
1668,742,103.4,Large,lawngreen
1654,781,106.3,Large,lawngreen
1666,718,93.7,Small,red
1599,709,98.9,Medium,blue
1673,672,94.0,Small,red
1647,620,83.5,2X-Small,pink
1678,595,89.7,Extra Small,yellow
1679,741,97.9,Medium,blue
1615,605,85.3,Extra Small,yellow
1517,800,109.0,Large,lawngreen
1674,747,94.1,Small,red
1623,491,85.7,Extra Small,yellow
1668,703,97.3,Medium,blue
1644,715,97.5,Medium,blue
1579,708,102.6,Large,lawngreen
1446,488,83.2,2X-Small,pink
1620,691,92.1,Small,red
1684,730,103.2,Large,lawngreen
1619,610,90.4,Small,red
1592,658,95.1,Medium,blue
1655,709,95.0,Medium,blue
1723,728,96.5,Medium,blue
1677,846,111.5,Large,lawngreen
1654,945,117.0,X-Large,green
1634,627,89.5,Extra Small,yellow
1683,578,94.4,Small,red
1552,524,83.3,2X-Small,pink
1617,732,102.5,Large,lawngreen
1588,791,98.2,Medium,blue
1641,894,106.0,Large,lawngreen
1685,689,99.1,Medium,blue
1656,758,99.4,Medium,blue
1603,731,107.1,Large,lawngreen
1608,748,94.5,Small,red
1664,806,109.4,Large,lawngreen
1619,714,93.2,Small,red
1620,712,101.3,Medium,blue
1720,657,91.0,Small,red
1582,477,79.3,2X-Small,pink
1720,696,95.4,Medium,blue
1720,1196,116.1,X-Large,green
1701,887,113.5,X-Large,green
1627,754,109.5,Large,lawngreen
1536,678,101.4,Medium,blue
1546,607,94.6,Small,red
1654,572,81.4,2X-Small,pink
1605,689,94.0,Small,red
1630,712,98.8,Medium,blue
1612,604,90.4,Small,red
1757,697,87.6,Extra Small,yellow
1670,854,109.0,Large,lawngreen
1632,617,94.3,Small,red
1635,790,113.2,X-Large,green
1682,672,97.7,Medium,blue
1661,695,97.7,Medium,blue
1596,669,100.6,Medium,blue
1596,574,93.6,Small,red
1665,815,106.5,Large,lawngreen
1617,618,89.0,Extra Small,yellow
1555,645,90.0,Small,red
1578,557,86.2,Extra Small,yellow
1581,614,89.6,Extra Small,yellow
1698,668,94.3,Small,red
1554,730,109.2,Large,lawngreen
1756,737,92.0,Small,red
1566,693,107.1,Large,lawngreen
1651,757,100.1,Medium,blue
1585,740,112.6,X-Large,green
1657,682,98.2,Medium,blue
1719,867,106.9,Large,lawngreen
1822,882,106.1,Large,lawngreen
1649,786,103.1,Large,lawngreen
1687,622,92.4,Small,red
1698,782,99.9,Medium,blue
1530,608,86.5,Extra Small,yellow
1581,674,99.8,Medium,blue
1609,686,93.0,Small,red
1644,670,93.4,Small,red
1548,635,85.6,Extra Small,yellow
1606,773,97.9,Medium,blue
1642,555,85.2,Extra Small,yellow
1622,727,101.4,Medium,blue
1669,593,84.1,Extra Small,yellow
1745,998,105.7,Large,lawngreen
1495,581,98.6,Medium,blue
1493,642,95.1,Medium,blue
1641,758,106.8,Large,lawngreen
1607,683,94.5,Small,red
1560,471,82.6,2X-Small,pink
1625,665,97.8,Medium,blue
1670,685,97.8,Medium,blue
1616,579,87.0,Extra Small,yellow
1582,647,108.0,Large,lawngreen
1730,591,92.1,Small,red
1501,450,84.6,Extra Small,yellow
1515,572,95.9,Medium,blue
1576,721,102.2,Large,lawngreen
1628,676,87.8,Extra Small,yellow
1586,711,102.9,Large,lawngreen
1737,791,93.6,Small,red
1576,536,83.4,2X-Small,pink
1626,639,93.1,Small,red
1604,628,98.1,Medium,blue
1673,788,103.7,Large,lawngreen
1642,598,98.1,Medium,blue
1538,752,105.2,Large,lawngreen
1574,686,102.8,Large,lawngreen
1637,668,94.6,Small,red
1620,613,93.0,Small,red
1733,742,93.7,Small,red
1526,522,81.0,2X-Small,pink
1732,767,99.1,Medium,blue
1624,661,98.5,Medium,blue
1507,505,84.4,Extra Small,yellow
1560,637,96.5,Medium,blue
1640,666,98.5,Medium,blue
1675,610,86.2,Extra Small,yellow
1526,581,86.3,Extra Small,yellow
1623,609,87.0,Extra Small,yellow
1584,575,81.5,2X-Small,pink
1671,797,105.7,Large,lawngreen
1552,745,113.7,X-Large,green
1633,614,87.4,Extra Small,yellow
1530,677,100.4,Medium,blue
1606,508,84.4,Extra Small,yellow
1617,633,95.0,Medium,blue
1645,711,101.3,Medium,blue
1681,727,96.0,Medium,blue
1655,679,99.2,Medium,blue
1626,833,106.9,Large,lawngreen
1635,622,83.8,2X-Small,pink
1572,616,96.2,Medium,blue
1608,573,89.9,Extra Small,yellow
1662,507,82.8,2X-Small,pink
1582,611,94.0,Small,red
1701,866,115.6,X-Large,green
1602,523,88.6,Extra Small,yellow
1549,676,99.1,Medium,blue
1561,549,89.9,Extra Small,yellow
1677,571,88.9,Extra Small,yellow
1594,644,90.7,Small,red
1628,649,94.0,Small,red
1549,592,94.9,Small,red
1559,563,86.6,Extra Small,yellow
1619,580,90.7,Small,red
1690,810,98.3,Medium,blue
1698,649,89.5,Extra Small,yellow
1705,654,89.2,Extra Small,yellow
1625,570,87.5,Extra Small,yellow
1666,805,101.2,Medium,blue
1559,671,102.6,Large,lawngreen
1595,673,97.7,Medium,blue
1634,550,81.2,2X-Small,pink
1643,708,91.3,Small,red
1667,538,94.3,Small,red
1661,771,103.2,Large,lawngreen
1560,602,87.8,Extra Small,yellow
1610,719,97.1,Medium,blue
1610,617,90.6,Small,red
1682,761,102.4,Large,lawngreen
1604,739,102.8,Large,lawngreen
1540,560,88.1,Extra Small,yellow
1638,647,91.9,Small,red
1656,724,91.8,Small,red
1597,708,111.8,Large,lawngreen
1749,953,113.0,X-Large,green
1661,748,100.2,Medium,blue
1526,700,103.9,Large,lawngreen
1583,655,93.4,Small,red
1533,499,84.4,Extra Small,yellow
1575,553,82.1,2X-Small,pink
1776,924,107.2,Large,lawngreen
1713,716,108.4,Large,lawngreen
1653,676,91.8,Small,red
1516,641,103.2,Large,lawngreen
1658,666,97.1,Medium,blue
1617,663,102.2,Large,lawngreen
1687,763,98.7,Medium,blue
1603,717,103.6,Large,lawngreen
1539,643,99.0,Medium,blue
1603,591,96.5,Medium,blue
1620,529,81.7,2X-Small,pink
1617,694,99.3,Medium,blue
1600,699,103.1,Large,lawngreen
1572,592,87.7,Extra Small,yellow
1632,540,81.8,2X-Small,pink
1690,701,94.5,Small,red
1682,681,91.6,Small,red
1657,864,105.0,Large,lawngreen
1672,672,88.1,Extra Small,yellow
1621,559,91.2,Small,red
1623,566,85.4,Extra Small,yellow
1633,585,88.7,Extra Small,yellow
1526,628,100.5,Medium,blue
1570,467,82.5,2X-Small,pink
1616,599,87.4,Extra Small,yellow
1690,642,97.2,Medium,blue
1637,813,102.6,Large,lawngreen
1718,719,97.9,Medium,blue
1588,548,87.3,Extra Small,yellow
1520,485,84.4,Extra Small,yellow
1618,658,92.1,Small,red
1631,753,100.0,Medium,blue
1642,636,93.8,Small,red
1719,752,95.2,Medium,blue
1715,755,93.1,Small,red
1653,469,81.4,2X-Small,pink
1590,537,91.3,Small,red
1751,758,95.0,Medium,blue
1583,679,95.0,Medium,blue
1627,684,91.5,Small,red
1586,677,92.3,Small,red
1675,617,90.9,Small,red
1606,717,98.6,Medium,blue
1680,642,87.0,Extra Small,yellow
1773,740,94.2,Small,red
1680,792,110.5,Large,lawngreen
1645,581,83.8,2X-Small,pink
1558,727,108.6,Large,lawngreen
1665,704,98.5,Medium,blue
1601,653,96.0,Medium,blue
1658,725,96.4,Medium,blue
1623,721,101.5,Medium,blue
1661,561,86.2,Extra Small,yellow
1563,583,86.1,Extra Small,yellow
1630,677,92.7,Small,red
1528,576,90.6,Small,red
1653,559,84.7,Extra Small,yellow
1512,468,84.1,Extra Small,yellow
1629,567,85.5,Extra Small,yellow
1675,820,107.2,Large,lawngreen
1498,664,98.8,Medium,blue
1538,626,98.4,Medium,blue
1567,653,93.8,Small,red
1590,539,86.6,Extra Small,yellow
1573,750,106.3,Large,lawngreen
1595,704,94.9,Small,red
1610,675,98.2,Medium,blue
1565,640,93.5,Small,red
1523,470,84.5,Extra Small,yellow
1570,502,83.6,2X-Small,pink
1556,597,94.9,Small,red
1599,646,95.4,Medium,blue
1611,726,94.0,Small,red
1681,631,91.5,Small,red
1585,631,92.5,Small,red
1614,660,103.2,Large,lawngreen
1674,789,98.8,Medium,blue
1653,531,83.8,2X-Small,pink
1593,708,99.2,Medium,blue
1592,625,96.9,Medium,blue
1617,680,95.7,Medium,blue
1589,734,109.3,Large,lawngreen
1597,688,99.7,Medium,blue
1698,840,109.0,Large,lawngreen
1619,647,92.3,Small,red
1663,561,84.4,Extra Small,yellow
1606,735,101.1,Medium,blue
1609,733,99.7,Medium,blue
1696,605,94.3,Small,red
1723,722,93.4,Small,red
1748,908,103.1,Large,lawngreen
1695,760,98.5,Medium,blue
1648,606,93.5,Small,red
1579,573,87.2,Extra Small,yellow
1587,602,99.6,Medium,blue
1604,669,99.4,Medium,blue
1603,829,113.1,X-Large,green
1712,765,96.6,Medium,blue
1628,671,90.8,Small,red
1520,589,98.5,Medium,blue
1640,615,89.6,Extra Small,yellow
1616,529,86.4,Extra Small,yellow
1684,847,109.5,Large,lawngreen
1649,596,89.0,Extra Small,yellow
1677,666,96.5,Medium,blue
1653,676,95.8,Medium,blue
1638,658,92.6,Small,red
1646,596,87.8,Extra Small,yellow
1619,735,95.1,Medium,blue
1530,556,85.8,Extra Small,yellow
1603,561,87.0,Extra Small,yellow
1680,560,87.5,Extra Small,yellow
1602,871,113.9,X-Large,green
1447,736,106.4,Large,lawngreen
1627,613,92.3,Small,red
1594,505,86.1,Extra Small,yellow
1688,823,105.7,Large,lawngreen
1547,561,89.6,Extra Small,yellow
1621,754,99.1,Medium,blue
1625,593,90.4,Small,red
1597,695,98.1,Medium,blue
1602,820,104.6,Large,lawngreen
1614,583,95.2,Medium,blue
1743,920,106.7,Large,lawngreen
1603,841,110.5,Large,lawngreen
1576,842,119.6,X-Large,green
1619,660,99.9,Medium,blue
1754,896,105.2,Large,lawngreen
1709,842,101.4,Medium,blue
1789,845,104.8,Large,lawngreen
1587,596,89.6,Extra Small,yellow
1687,688,94.3,Small,red
1665,690,89.9,Extra Small,yellow
1573,748,99.6,Medium,blue
1654,699,91.1,Small,red
1582,691,100.5,Medium,blue
1575,566,87.3,Extra Small,yellow
1600,699,97.6,Medium,blue
1584,468,83.4,2X-Small,pink
1535,701,98.6,Medium,blue
1593,832,106.2,Large,lawngreen
1583,789,100.4,Medium,blue
1608,592,89.6,Extra Small,yellow
1663,583,86.1,Extra Small,yellow
1609,746,95.1,Medium,blue
1513,428,77.2,2X-Small,pink
1704,853,103.4,Large,lawngreen
1708,664,89.9,Extra Small,yellow
1506,577,95.5,Medium,blue
1583,565,86.7,Extra Small,yellow
1731,714,97.1,Medium,blue
1669,762,96.6,Medium,blue
1640,556,80.0,2X-Small,pink
1613,561,81.2,2X-Small,pink
1640,641,94.6,Small,red
1581,766,100.8,Medium,blue
1664,702,97.1,Medium,blue
1562,561,91.8,Small,red
1722,812,98.7,Medium,blue
1564,725,96.9,Medium,blue
1589,686,97.9,Medium,blue
1789,924,101.7,Medium,blue
1608,662,105.8,Large,lawngreen
1595,562,88.7,Extra Small,yellow
1590,564,85.9,Extra Small,yellow
1575,653,98.0,Medium,blue
1539,679,103.7,Large,lawngreen
1654,777,98.4,Medium,blue
1616,632,95.9,Medium,blue
1646,697,98.8,Medium,blue
1548,681,90.0,Small,red
1617,570,82.7,2X-Small,pink
1527,742,108.9,Large,lawngreen
1653,589,89.5,Extra Small,yellow
1606,750,102.4,Large,lawngreen
1700,744,94.8,Small,red
1672,815,113.1,X-Large,green
1728,765,98.8,Medium,blue
1677,827,109.8,Large,lawngreen
1790,793,103.3,Large,lawngreen
1643,735,96.0,Medium,blue
1584,620,95.5,Medium,blue
1583,659,102.3,Large,lawngreen
1640,705,100.0,Medium,blue
1562,493,86.6,Extra Small,yellow
1650,643,88.1,Extra Small,yellow
1656,654,95.0,Medium,blue
1624,655,102.0,Large,lawngreen
1631,856,115.9,X-Large,green
1715,632,86.6,Extra Small,yellow
1607,648,90.8,Small,red
1600,604,88.3,Extra Small,yellow
1571,702,99.3,Medium,blue
1603,659,92.0,Small,red
1599,771,112.2,X-Large,green
1602,524,82.9,2X-Small,pink
1642,685,92.5,Small,red
1715,1017,109.6,Large,lawngreen
1634,487,86.2,Extra Small,yellow
1657,824,105.9,Large,lawngreen
1626,724,108.6,Large,lawngreen
1536,617,96.8,Medium,blue
1698,696,90.8,Small,red
1652,753,95.6,Medium,blue
1611,785,104.3,Large,lawngreen
1764,812,100.3,Medium,blue
1586,485,82.5,2X-Small,pink
1592,595,89.9,Extra Small,yellow
1782,740,95.8,Medium,blue
1708,799,102.8,Large,lawngreen
1650,645,95.7,Medium,blue
1612,725,100.7,Medium,blue
1660,600,84.2,Extra Small,yellow
1629,630,88.4,Extra Small,yellow
1630,762,99.2,Medium,blue
1743,696,91.3,Small,red
1688,818,115.2,X-Large,green
1580,508,83.6,2X-Small,pink
1610,665,95.7,Medium,blue
1556,400,75.7,2X-Small,pink
1585,736,98.5,Medium,blue
1685,770,103.6,Large,lawngreen
1592,630,94.3,Small,red
1698,761,96.0,Medium,blue
1648,690,87.5,Extra Small,yellow
1575,573,87.9,Extra Small,yellow
1602,617,93.5,Small,red
1669,663,88.6,Extra Small,yellow
1637,850,101.8,Medium,blue
1690,601,92.9,Small,red
1664,655,93.5,Small,red
1710,716,93.2,Small,red
1596,611,90.6,Small,red
1656,1000,115.0,X-Large,green
1586,791,99.1,Medium,blue
1653,676,100.0,Medium,blue
1661,740,104.5,Large,lawngreen
1495,501,86.2,Extra Small,yellow
1633,587,90.0,Small,red
1652,696,97.6,Medium,blue
1596,599,89.9,Extra Small,yellow
1715,809,100.3,Medium,blue
1724,788,99.5,Medium,blue
1741,797,95.5,Medium,blue
1707,746,91.0,Small,red
1684,740,94.5,Small,red
1586,569,89.2,Extra Small,yellow
1611,829,106.6,Large,lawngreen
1658,770,104.0,Large,lawngreen
1673,751,98.0,Medium,blue
1770,889,110.0,Large,lawngreen
1574,661,87.2,Extra Small,yellow
1715,842,105.9,Large,lawngreen
1525,558,85.2,Extra Small,yellow
1650,983,114.2,X-Large,green
1537,535,87.0,Extra Small,yellow
1568,581,88.0,Extra Small,yellow
1569,684,89.2,Extra Small,yellow
1711,725,95.7,Medium,blue
1639,757,107.0,Large,lawngreen
1638,733,96.2,Medium,blue
1756,704,93.0,Small,red
1618,590,89.5,Extra Small,yellow
1745,835,105.0,Large,lawngreen
1569,635,92.5,Small,red
1668,546,89.5,Extra Small,yellow
1619,610,89.5,Extra Small,yellow
1657,820,110.1,Large,lawngreen
1628,685,91.0,Small,red
1660,574,90.3,Small,red
1683,616,87.8,Extra Small,yellow
1672,678,84.6,Extra Small,yellow
1623,558,83.6,2X-Small,pink
1672,588,87.0,Extra Small,yellow
1619,591,86.9,Extra Small,yellow
1558,511,79.4,2X-Small,pink
1649,591,84.5,Extra Small,yellow
1730,671,88.0,Extra Small,yellow
1527,522,84.3,Extra Small,yellow
1670,565,83.8,2X-Small,pink
1583,774,107.7,Large,lawngreen
1643,730,96.3,Medium,blue
1717,669,101.2,Medium,blue
1623,718,100.0,Medium,blue
1630,594,86.0,Extra Small,yellow
1710,680,92.5,Small,red
1730,779,100.2,Medium,blue
1725,695,96.0,Medium,blue
1680,755,95.7,Medium,blue
1682,645,92.2,Small,red
1680,843,115.7,X-Large,green
1829,688,91.5,Small,red
1675,643,88.5,Extra Small,yellow
1727,689,104.0,Large,lawngreen
1615,651,100.3,Medium,blue
1497,460,83.7,2X-Small,pink
1613,610,87.1,Extra Small,yellow
1771,925,111.5,Large,lawngreen
1588,666,92.4,Small,red
1736,821,99.7,Medium,blue
1664,591,87.0,Extra Small,yellow
1584,722,102.5,Large,lawngreen
1712,770,100.6,Medium,blue
1658,617,87.6,Extra Small,yellow
1646,685,93.3,Small,red
1723,689,96.6,Medium,blue
1578,587,90.0,Small,red
1671,742,104.0,Large,lawngreen
1580,820,104.5,Large,lawngreen
1584,557,92.5,Small,red
1670,648,97.5,Medium,blue
1585,566,91.0,Small,red
1638,584,95.2,Medium,blue
1589,599,90.7,Small,red
1659,785,108.9,Large,lawngreen
1550,654,94.3,Small,red
1730,838,104.7,Large,lawngreen
1500,644,102.7,Large,lawngreen
1615,809,103.8,Large,lawngreen
1645,677,90.6,Small,red
1727,847,109.5,Large,lawngreen
1667,781,103.2,Large,lawngreen
1519,552,98.1,Medium,blue
1700,832,111.3,Large,lawngreen
1628,694,86.0,Extra Small,yellow
1600,786,106.8,Large,lawngreen
1747,851,102.5,Large,lawngreen
1583,678,92.5,Small,red
1662,645,92.7,Small,red
1697,618,87.3,Extra Small,yellow
1732,843,94.8,Small,red
1647,793,98.2,Medium,blue
1589,727,102.9,Large,lawngreen
1545,645,96.5,Medium,blue
1659,755,102.8,Large,lawngreen
1522,555,89.1,Extra Small,yellow
1651,779,99.7,Medium,blue
1767,763,101.6,Medium,blue
1608,785,100.8,Medium,blue
1605,717,99.7,Medium,blue
1734,674,90.2,Small,red
1661,730,97.2,Medium,blue
1589,754,96.0,Medium,blue
1741,776,91.2,Small,red
1670,810,107.9,Large,lawngreen
1680,667,86.5,Extra Small,yellow
1736,791,95.7,Medium,blue
1682,763,99.0,Medium,blue
1714,650,93.6,Small,red
1546,513,85.6,Extra Small,yellow
1634,591,91.7,Small,red
1568,658,93.0,Small,red
1536,504,87.6,Extra Small,yellow
1584,685,96.2,Medium,blue
1646,629,88.2,Extra Small,yellow
1664,568,89.1,Extra Small,yellow
1658,661,90.2,Small,red
1738,683,91.0,Small,red
1745,791,92.3,Small,red
1595,907,107.2,Large,lawngreen
1625,783,98.7,Medium,blue
1623,709,96.7,Medium,blue
1518,509,84.1,Extra Small,yellow
1525,623,100.8,Medium,blue
1557,664,91.9,Small,red
1730,921,109.3,Large,lawngreen
1601,671,98.3,Medium,blue
1597,547,83.9,2X-Small,pink
1743,784,102.7,Large,lawngreen
1683,590,92.5,Small,red
1752,763,101.5,Medium,blue
1618,709,96.7,Medium,blue
1620,703,101.8,Medium,blue
1649,581,86.2,Extra Small,yellow
1709,593,84.6,Extra Small,yellow
1587,753,104.4,Large,lawngreen
1632,662,91.7,Small,red
1527,683,105.7,Large,lawngreen
1660,758,103.4,Large,lawngreen
1632,613,86.4,Extra Small,yellow
1742,730,94.2,Small,red
1709,700,88.5,Extra Small,yellow
1619,751,104.8,Large,lawngreen
1675,738,99.6,Medium,blue
1634,642,98.8,Medium,blue
1679,595,89.2,Extra Small,yellow
1614,569,84.8,Extra Small,yellow
1684,596,86.1,Extra Small,yellow
1597,631,93.7,Small,red
1610,589,85.5,Extra Small,yellow
1688,746,94.3,Small,red
1725,864,99.7,Medium,blue
1609,608,93.6,Small,red
1585,504,81.0,2X-Small,pink
1562,549,88.7,Extra Small,yellow
1547,530,89.7,Extra Small,yellow
1611,692,96.1,Medium,blue
1740,713,100.4,Medium,blue
1555,705,97.2,Medium,blue
1650,699,97.1,Medium,blue
1583,659,91.3,Small,red
1647,632,85.8,Extra Small,yellow
1532,696,94.6,Small,red
1619,593,92.0,Small,red
1704,695,90.2,Small,red
1689,797,97.0,Medium,blue
1657,619,91.1,Small,red
1647,677,92.6,Small,red
1670,544,89.2,Extra Small,yellow
1496,646,97.1,Medium,blue
1717,882,111.7,Large,lawngreen
1531,634,94.3,Small,red
1666,765,98.1,Medium,blue
1574,654,89.2,Extra Small,yellow
1663,837,100.0,Medium,blue
1617,652,97.5,Medium,blue
1585,624,100.5,Medium,blue
1647,994,119.5,X-Large,green
1643,748,101.6,Medium,blue
1677,649,90.1,Small,red
1670,542,88.9,Extra Small,yellow
1651,814,98.3,Medium,blue
1525,563,88.3,Extra Small,yellow
1715,967,115.2,X-Large,green
1602,837,114.8,X-Large,green
1570,502,85.5,Extra Small,yellow
1662,657,90.1,Small,red
1561,707,98.3,Medium,blue
1543,669,96.8,Medium,blue
1562,597,92.3,Small,red
1627,720,89.7,Extra Small,yellow
1678,750,94.0,Small,red
1608,673,99.0,Medium,blue
1672,784,90.6,Small,red
1661,516,76.9,2X-Small,pink
1574,630,101.0,Medium,blue
1670,793,104.6,Large,lawngreen
1585,564,89.5,Extra Small,yellow
1574,687,99.7,Medium,blue
1617,590,84.6,Extra Small,yellow
1592,603,90.4,Small,red
1705,699,99.1,Medium,blue
1620,573,87.8,Extra Small,yellow
1579,654,95.7,Medium,blue
1661,603,87.6,Extra Small,yellow
1595,771,95.5,Medium,blue
1646,767,106.2,Large,lawngreen
1522,667,93.2,Small,red
1760,783,92.8,Small,red
1505,518,85.0,Extra Small,yellow
1708,663,83.8,2X-Small,pink
1659,655,93.8,Small,red
1613,690,100.4,Medium,blue
1666,680,90.5,Small,red
1565,609,91.8,Small,red
1578,646,85.9,Extra Small,yellow
1480,540,88.0,Extra Small,yellow
1636,530,82.9,2X-Small,pink
1608,789,94.5,Small,red
1552,431,82.5,2X-Small,pink
1559,746,98.5,Medium,blue
1595,712,99.8,Medium,blue
1674,727,101.6,Medium,blue
1661,613,84.5,Extra Small,yellow
1550,574,87.8,Extra Small,yellow
1597,655,90.2,Small,red
1543,577,88.4,Extra Small,yellow
1636,585,83.7,2X-Small,pink
1563,627,92.3,Small,red
1506,535,90.5,Small,red
1689,652,85.1,Extra Small,yellow
1600,702,99.2,Medium,blue
1827,931,102.1,Large,lawngreen
1594,532,82.4,2X-Small,pink
1768,735,97.4,Medium,blue
1658,557,78.3,2X-Small,pink
1629,655,94.5,Small,red
1672,691,97.5,Medium,blue
1783,965,101.3,Medium,blue
1571,702,97.0,Medium,blue
1525,523,83.8,2X-Small,pink
1595,660,92.3,Small,red
1708,814,100.9,Medium,blue
1818,952,102.9,Large,lawngreen
1688,658,83.2,2X-Small,pink
1568,503,78.2,2X-Small,pink
1555,547,88.5,Extra Small,yellow
1645,688,98.8,Medium,blue
1631,604,83.3,2X-Small,pink
1563,669,91.9,Small,red
1566,599,92.6,Small,red
1585,616,87.0,Extra Small,yellow
1518,548,87.2,Extra Small,yellow
1590,604,83.8,2X-Small,pink
1462,519,84.5,Extra Small,yellow
1599,640,93.0,Small,red
1665,669,84.5,Extra Small,yellow
1712,791,100.7,Medium,blue
1634,598,90.8,Small,red
1628,736,97.5,Medium,blue
1625,825,108.0,Large,lawngreen
1718,756,99.6,Medium,blue
1604,595,77.3,2X-Small,pink
1748,863,99.6,Medium,blue
1650,686,93.5,Small,red
1679,763,96.5,Medium,blue
1635,725,99.5,Medium,blue
1673,639,86.2,Extra Small,yellow
1643,559,85.6,Extra Small,yellow
1691,764,96.4,Medium,blue
1672,699,96.9,Medium,blue
1638,630,83.9,2X-Small,pink
1676,606,80.3,2X-Small,pink
1655,680,91.8,Small,red
1675,654,91.4,Small,red
1508,538,82.0,2X-Small,pink
1679,731,100.6,Medium,blue
1692,766,97.0,Medium,blue
1631,577,88.2,Extra Small,yellow
1533,598,90.9,Small,red
1563,686,99.6,Medium,blue
1655,708,90.8,Small,red
1496,488,78.6,2X-Small,pink
1777,766,93.5,Small,red
1546,583,89.7,Extra Small,yellow
1685,685,90.6,Small,red
1608,585,85.0,Extra Small,yellow
1632,719,92.9,Small,red
1690,649,89.2,Extra Small,yellow
1655,583,79.8,2X-Small,pink
1574,648,93.3,Small,red
1659,564,84.1,Extra Small,yellow
1541,478,81.2,2X-Small,pink
1675,591,84.3,Extra Small,yellow
1652,665,93.6,Small,red
1593,649,94.5,Small,red
1565,512,78.4,2X-Small,pink
1530,496,80.4,2X-Small,pink
1600,744,93.2,Small,red
1615,680,92.7,Small,red
1557,506,78.3,2X-Small,pink
1679,591,84.6,Extra Small,yellow
1662,712,90.9,Small,red
1696,844,112.1,X-Large,green
1657,547,89.2,Extra Small,yellow
1495,487,81.4,2X-Small,pink
1644,612,93.9,Small,red
1652,722,93.3,Small,red
1566,567,89.4,Extra Small,yellow
1653,688,95.7,Medium,blue
1604,542,78.7,2X-Small,pink
1594,611,85.3,Extra Small,yellow
1627,672,98.9,Medium,blue
1729,749,92.7,Small,red
1602,585,88.3,Extra Small,yellow
1615,605,93.0,Small,red
1645,601,86.2,Extra Small,yellow
1623,621,87.7,Extra Small,yellow
1595,609,83.0,2X-Small,pink
1480,470,79.8,2X-Small,pink
1696,786,95.5,Medium,blue
1680,725,95.8,Medium,blue
1590,516,78.7,2X-Small,pink
1529,501,80.2,2X-Small,pink
1551,626,91.7,Small,red
1709,787,94.2,Small,red
1589,572,94.7,Small,red
1616,670,90.2,Small,red
1643,535,82.5,2X-Small,pink
1587,638,84.4,Extra Small,yellow
1691,752,88.8,Extra Small,yellow
1558,519,82.4,2X-Small,pink
1611,602,84.3,Extra Small,yellow
1724,701,91.5,Small,red
1623,782,95.8,Medium,blue
1686,611,88.0,Extra Small,yellow
1587,631,101.1,Medium,blue
1546,540,80.3,2X-Small,pink
1682,619,91.4,Small,red
1519,577,84.8,Extra Small,yellow
1631,673,86.7,Extra Small,yellow
1525,608,90.9,Small,red
1657,905,111.0,Large,lawngreen
1653,682,97.5,Medium,blue
1447,683,101.8,Medium,blue
1615,778,106.8,Large,lawngreen
1732,648,95.8,Medium,blue
1733,1082,121.2,X-Large,green
1760,875,100.4,Medium,blue
1669,788,105.2,Large,lawngreen
1602,844,107.3,Large,lawngreen
1611,667,91.0,Small,red
1607,749,105.7,Large,lawngreen
1582,827,104.3,Large,lawngreen
1636,695,90.2,Small,red
1702,697,90.9,Small,red
1591,528,78.3,2X-Small,pink
1724,785,103.6,Large,lawngreen
1657,669,96.5,Medium,blue
1591,556,83.0,2X-Small,pink
1630,840,107.7,Large,lawngreen
1730,831,94.5,Small,red
1695,735,94.3,Small,red
1598,763,94.8,Small,red
1606,637,95.3,Medium,blue
1644,700,97.5,Medium,blue
1575,626,92.3,Small,red
1642,607,88.1,Extra Small,yellow
1615,705,98.6,Medium,blue
1570,689,98.8,Medium,blue
1607,633,89.6,Extra Small,yellow
1626,564,82.3,2X-Small,pink
1729,729,93.5,Small,red
1501,618,93.2,Small,red
1657,618,88.3,Extra Small,yellow
1614,546,81.3,2X-Small,pink
1660,686,95.4,Medium,blue
1675,641,88.4,Extra Small,yellow
1638,635,86.5,Extra Small,yellow
1584,634,86.9,Extra Small,yellow
1680,684,92.7,Small,red
1667,680,89.6,Extra Small,yellow
1758,751,94.6,Small,red
1688,851,95.0,Medium,blue
1636,582,89.5,Extra Small,yellow
1607,709,91.0,Small,red
1594,664,87.6,Extra Small,yellow
1694,757,96.2,Medium,blue
1606,632,91.0,Small,red
1687,674,86.3,Extra Small,yellow
1574,602,89.6,Extra Small,yellow
1603,616,89.8,Extra Small,yellow
1559,584,92.1,Small,red
1659,717,91.4,Small,red
1614,606,92.0,Small,red
1630,648,86.9,Extra Small,yellow
1435,478,86.0,Extra Small,yellow
1672,751,95.1,Medium,blue
1708,739,93.6,Small,red
1676,686,101.7,Medium,blue
1609,620,84.4,Extra Small,yellow
1590,740,100.0,Medium,blue
1629,598,83.2,2X-Small,pink
1598,645,88.8,Extra Small,yellow
1560,563,89.5,Extra Small,yellow
1688,686,91.9,Small,red
1745,696,90.6,Small,red
1673,631,86.5,Extra Small,yellow
1662,729,95.0,Medium,blue
1576,548,90.6,Small,red
1720,650,90.8,Small,red
1701,700,90.6,Small,red
1620,580,81.5,2X-Small,pink
1670,738,95.2,Medium,blue
1630,478,77.5,2X-Small,pink
1636,583,81.5,2X-Small,pink
1714,849,95.6,Medium,blue
1702,732,92.7,Small,red
1590,609,85.5,Extra Small,yellow
1643,654,90.0,Small,red
1769,832,94.6,Small,red
1549,591,88.2,Extra Small,yellow
1533,695,97.3,Medium,blue
1592,609,84.8,Extra Small,yellow
1609,650,90.3,Small,red
1569,550,81.5,2X-Small,pink
1586,659,88.3,Extra Small,yellow
1574,701,90.2,Small,red
1617,689,93.0,Small,red
1589,607,86.6,Extra Small,yellow
1679,736,93.1,Small,red
1700,564,82.6,2X-Small,pink
1623,566,84.7,Extra Small,yellow
1677,681,85.7,Extra Small,yellow
1598,660,92.0,Small,red
1625,536,78.4,2X-Small,pink
1685,647,84.0,Extra Small,yellow
1685,776,102.5,Large,lawngreen
1623,563,79.4,2X-Small,pink
1674,675,94.5,Small,red
1653,604,89.0,Extra Small,yellow
1587,542,95.7,Medium,blue
1595,664,100.8,Medium,blue
1563,744,99.8,Medium,blue
1674,621,90.9,Small,red
1439,585,98.2,Medium,blue
1718,810,101.8,Medium,blue
1589,511,79.6,2X-Small,pink
1645,717,111.2,Large,lawngreen
1677,607,91.3,Small,red
1552,591,88.4,Extra Small,yellow
1523,636,107.3,Large,lawngreen
1612,715,101.2,Medium,blue
1642,574,91.7,Small,red
1732,716,97.9,Medium,blue
1600,540,87.7,Extra Small,yellow
1409,426,82.4,2X-Small,pink
1620,585,88.9,Extra Small,yellow
1746,828,96.0,Medium,blue
1688,740,98.3,Medium,blue
1606,765,97.6,Medium,blue
1658,852,102.9,Large,lawngreen
1590,671,91.5,Small,red
1781,760,92.2,Small,red
1690,695,99.2,Medium,blue
1654,754,101.5,Medium,blue
1583,663,94.5,Small,red
1523,480,84.3,Extra Small,yellow
1685,830,109.6,Large,lawngreen
1672,756,97.4,Medium,blue
1641,784,103.2,Large,lawngreen
1644,594,88.2,Extra Small,yellow
1597,766,101.3,Medium,blue
1732,678,89.9,Extra Small,yellow
1529,517,84.7,Extra Small,yellow
1620,662,95.3,Medium,blue
1643,665,99.3,Medium,blue
1556,613,89.7,Extra Small,yellow
1630,729,101.5,Medium,blue
1614,701,92.4,Small,red
1464,426,73.7,2X-Small,pink
1749,729,96.2,Medium,blue
1618,761,99.8,Medium,blue
1631,719,93.7,Small,red
1704,794,100.4,Medium,blue
1669,705,92.4,Small,red
1586,727,102.3,Large,lawngreen
1602,609,88.7,Extra Small,yellow
1620,800,95.0,Medium,blue
1575,625,91.7,Small,red
1513,768,105.2,Large,lawngreen
1573,578,86.8,Extra Small,yellow
1649,639,86.1,Extra Small,yellow
1657,749,98.0,Medium,blue
1538,650,94.5,Small,red
1684,633,85.7,Extra Small,yellow
1550,526,88.5,Extra Small,yellow
1630,766,99.4,Medium,blue
1693,934,120.2,X-Large,green
1557,667,98.2,Medium,blue
1627,622,88.2,Extra Small,yellow
1666,942,120.8,X-Large,green
1599,641,93.0,Small,red
1547,692,98.5,Medium,blue
1636,646,92.2,Small,red
1547,525,88.9,Extra Small,yellow
1629,490,79.2,2X-Small,pink
1560,749,99.7,Medium,blue
1751,852,105.1,Large,lawngreen
1625,772,90.8,Small,red
1573,643,96.4,Medium,blue
1599,722,98.0,Medium,blue
1547,693,97.2,Medium,blue
1735,737,92.1,Small,red
1670,725,100.3,Medium,blue
1678,816,103.5,Large,lawngreen
1604,570,86.3,Extra Small,yellow
1631,660,93.9,Small,red
1684,804,98.0,Medium,blue
1715,852,103.0,Large,lawngreen
1635,662,103.5,Large,lawngreen
1666,706,93.3,Small,red
1705,577,86.0,Extra Small,yellow
1629,526,87.3,Extra Small,yellow
1718,808,97.6,Medium,blue
1626,834,100.3,Medium,blue
1616,750,95.1,Medium,blue
1602,619,92.4,Small,red
1667,675,96.6,Medium,blue
1645,702,102.2,Large,lawngreen
1670,659,94.7,Small,red
1621,712,94.1,Small,red
1721,1028,106.6,Large,lawngreen
1606,759,109.1,Large,lawngreen
1567,659,95.3,Medium,blue
1720,644,90.4,Small,red
1639,689,90.0,Small,red
1730,863,101.3,Medium,blue
1682,949,114.7,X-Large,green
1720,630,87.4,Extra Small,yellow
1783,1069,121.4,X-Large,green
1641,639,89.3,Extra Small,yellow
1568,683,90.2,Small,red
1640,630,94.0,Small,red
1556,718,98.9,Medium,blue
1647,874,103.3,Large,lawngreen
1630,752,99.5,Medium,blue
1587,852,115.4,X-Large,green
1627,827,117.2,X-Large,green
1638,559,87.0,Extra Small,yellow
1644,821,111.0,Large,lawngreen
1603,663,98.2,Medium,blue
1713,638,89.7,Extra Small,yellow
1721,799,96.6,Medium,blue
1573,589,83.8,2X-Small,pink
1619,761,99.6,Medium,blue
1524,672,100.6,Medium,blue
1605,541,88.2,Extra Small,yellow
1617,697,103.5,Large,lawngreen
1601,616,89.5,Extra Small,yellow
1703,852,105.3,Large,lawngreen
1574,582,88.2,Extra Small,yellow
1596,742,103.6,Large,lawngreen
1602,609,87.6,Extra Small,yellow
1599,690,96.4,Medium,blue
1632,675,93.5,Small,red
1660,886,109.8,Large,lawngreen
1568,652,92.4,Small,red
1639,826,103.2,Large,lawngreen
1591,556,92.3,Small,red
1628,719,93.4,Small,red
1615,822,107.7,Large,lawngreen
1680,965,109.8,Large,lawngreen
1590,624,90.7,Small,red
1563,435,72.6,2X-Small,pink
1641,753,109.0,Large,lawngreen
1710,553,83.6,2X-Small,pink
1566,578,90.1,Small,red
1573,713,102.3,Large,lawngreen
1669,776,98.0,Medium,blue
1607,655,97.6,Medium,blue
1633,578,92.2,Small,red
1699,843,112.6,X-Large,green
1638,670,89.2,Extra Small,yellow
1634,764,100.0,Medium,blue
1660,663,86.4,Extra Small,yellow
1604,671,88.0,Extra Small,yellow
1693,706,98.0,Medium,blue
1595,636,93.6,Small,red
1694,646,88.2,Extra Small,yellow
1626,658,93.4,Small,red
1613,789,102.1,Large,lawngreen
1614,585,88.7,Extra Small,yellow
1630,589,90.0,Small,red
1716,785,103.5,Large,lawngreen
1510,676,101.3,Medium,blue
1639,862,110.0,Large,lawngreen
1576,605,98.1,Medium,blue
1677,950,109.5,Large,lawngreen
1669,649,98.5,Medium,blue
1592,616,88.4,Extra Small,yellow
1606,715,103.0,Large,lawngreen
1597,765,101.2,Medium,blue
1610,652,89.0,Extra Small,yellow
1811,773,87.8,Extra Small,yellow
1639,734,102.8,Large,lawngreen
1635,549,82.5,2X-Small,pink
1751,802,104.1,Large,lawngreen
1626,695,102.3,Large,lawngreen
1688,647,94.9,Small,red
1588,657,91.4,Small,red
1635,871,111.1,Large,lawngreen
1624,580,85.5,Extra Small,yellow
1634,796,101.5,Medium,blue
1749,761,92.9,Small,red
1646,576,92.5,Small,red
1600,870,112.9,X-Large,green
1600,766,100.8,Medium,blue
1517,548,84.5,Extra Small,yellow
1659,826,103.9,Large,lawngreen
1718,651,90.2,Small,red
1533,570,94.8,Small,red
1592,719,105.1,Large,lawngreen
1636,726,100.3,Medium,blue
1648,716,88.2,Extra Small,yellow
1669,832,105.6,Large,lawngreen
1655,604,96.5,Medium,blue
1770,764,93.2,Small,red
1752,934,105.1,Large,lawngreen
1741,573,85.0,Extra Small,yellow
1608,582,83.0,2X-Small,pink
1636,553,88.9,Extra Small,yellow
1555,698,100.5,Medium,blue
1573,640,92.5,Small,red
1623,590,84.4,Extra Small,yellow
1534,604,90.0,Small,red
1543,666,95.4,Medium,blue
1744,670,92.5,Small,red
1623,633,90.2,Small,red
1587,618,94.7,Small,red
1563,645,94.4,Small,red
1655,582,89.9,Extra Small,yellow
1612,796,103.3,Large,lawngreen
1636,609,90.0,Small,red
1709,823,99.6,Medium,blue
1547,567,90.6,Small,red
1657,510,89.6,Extra Small,yellow
1695,601,87.6,Extra Small,yellow
1720,716,95.5,Medium,blue
1587,681,91.2,Small,red
1676,940,116.0,X-Large,green
1726,686,84.4,Extra Small,yellow
1616,671,94.8,Small,red
1747,689,92.8,Small,red
1705,786,104.2,Large,lawngreen
1685,704,90.6,Small,red
1594,504,77.6,2X-Small,pink
1687,598,87.2,Extra Small,yellow
1700,760,100.5,Medium,blue
1658,780,105.5,Large,lawngreen
1562,712,100.6,Medium,blue
1658,665,95.3,Medium,blue
1688,735,93.5,Small,red
1524,544,89.5,Extra Small,yellow
1611,678,99.2,Medium,blue
1627,648,90.0,Small,red
1614,663,95.3,Medium,blue
1598,779,97.1,Medium,blue
1643,702,99.0,Medium,blue
1611,592,87.3,Extra Small,yellow
1520,563,85.2,Extra Small,yellow
1697,927,103.9,Large,lawngreen
1640,801,99.2,Medium,blue
1672,772,97.0,Medium,blue
1662,704,93.6,Small,red
1601,590,88.2,Extra Small,yellow
1580,640,97.8,Medium,blue
1676,842,99.7,Medium,blue
1536,546,82.2,2X-Small,pink
1561,715,93.2,Small,red
1475,575,90.3,Small,red
1532,522,79.8,2X-Small,pink
1646,725,95.7,Medium,blue
1657,517,85.4,Extra Small,yellow
1648,631,89.6,Extra Small,yellow
1586,537,80.4,2X-Small,pink
1609,597,90.0,Small,red
1562,607,94.4,Small,red
1507,577,87.5,Extra Small,yellow
1468,499,88.1,Extra Small,yellow
1636,687,92.6,Small,red
1585,680,102.1,Large,lawngreen
1607,632,91.9,Small,red
1657,776,98.9,Medium,blue
1606,638,96.1,Medium,blue
1705,783,99.4,Medium,blue
1605,602,83.6,2X-Small,pink
1666,771,94.4,Small,red
1635,617,89.6,Extra Small,yellow
1498,462,84.1,Extra Small,yellow
1619,591,86.3,Extra Small,yellow
1559,574,87.0,Extra Small,yellow
1639,621,90.2,Small,red
1574,618,91.4,Small,red
1530,518,82.4,2X-Small,pink
1552,631,88.1,Extra Small,yellow
1572,653,92.9,Small,red
1670,646,90.0,Small,red
1574,569,80.7,2X-Small,pink
1636,661,95.0,Medium,blue
1575,598,89.2,Extra Small,yellow
1676,533,85.2,Extra Small,yellow
1705,755,107.1,Large,lawngreen
1603,702,98.7,Medium,blue
1593,655,96.1,Medium,blue
1611,644,91.2,Small,red
1673,680,94.7,Small,red
1689,715,89.3,Extra Small,yellow
1529,499,83.7,2X-Small,pink
1602,523,88.2,Extra Small,yellow
1764,740,105.7,Large,lawngreen
1648,750,95.6,Medium,blue
1587,604,97.6,Medium,blue
1492,430,80.8,2X-Small,pink
1567,750,108.2,Large,lawngreen
1563,716,100.2,Medium,blue
1663,723,96.6,Medium,blue
1617,765,103.0,Large,lawngreen
1683,660,90.4,Small,red
1636,600,91.4,Small,red
1628,695,93.3,Small,red
1536,637,91.7,Small,red
1530,602,87.4,Extra Small,yellow
1678,815,102.2,Large,lawngreen
1682,773,95.6,Medium,blue
1585,537,85.0,Extra Small,yellow
1588,672,91.2,Small,red
1718,698,89.5,Extra Small,yellow
1655,809,102.1,Large,lawngreen
1705,722,89.3,Extra Small,yellow
1608,630,97.6,Medium,blue
1607,654,88.6,Extra Small,yellow
1490,484,84.7,Extra Small,yellow
1563,653,95.6,Medium,blue
1677,669,82.4,2X-Small,pink
1615,668,94.5,Small,red
1570,672,90.7,Small,red
1563,597,88.7,Extra Small,yellow
1627,658,92.9,Small,red
1743,657,86.3,Extra Small,yellow
1635,681,91.7,Small,red
1699,894,107.0,Large,lawngreen
1503,643,88.3,Extra Small,yellow
1637,857,110.3,Large,lawngreen
1544,560,85.4,Extra Small,yellow
1493,613,90.8,Small,red
1645,662,91.3,Small,red
1707,719,92.3,Small,red
1611,586,88.9,Extra Small,yellow
1543,576,84.5,Extra Small,yellow
1604,560,87.4,Extra Small,yellow
1588,616,85.1,Extra Small,yellow
1543,533,81.1,2X-Small,pink
1630,678,99.8,Medium,blue
1674,776,97.4,Medium,blue
1560,658,93.5,Small,red
1620,666,100.1,Medium,blue
1613,549,79.0,2X-Small,pink
1541,539,85.4,Extra Small,yellow
1595,814,105.6,Large,lawngreen
1600,611,92.3,Small,red
1690,777,94.2,Small,red
1612,725,93.0,Small,red
1559,664,94.5,Small,red
1678,806,103.7,Large,lawngreen
1608,522,83.6,2X-Small,pink
1559,478,79.0,2X-Small,pink
1683,845,104.0,Large,lawngreen
1586,685,98.5,Medium,blue
1646,646,93.2,Small,red
1656,679,90.8,Small,red
1515,509,82.0,2X-Small,pink
1754,745,95.3,Medium,blue
1699,670,93.4,Small,red
1573,573,96.9,Medium,blue
1657,597,84.1,Extra Small,yellow
1655,665,99.8,Medium,blue
1502,505,82.6,2X-Small,pink
1653,749,95.3,Medium,blue
1633,756,100.1,Medium,blue
1585,634,95.6,Medium,blue
1632,768,97.5,Medium,blue
1616,804,101.9,Medium,blue
1670,762,97.1,Medium,blue
1632,526,89.0,Extra Small,yellow
1648,653,83.4,2X-Small,pink
1576,726,104.6,Large,lawngreen
1606,557,92.0,Small,red
1652,599,86.9,Extra Small,yellow
1625,759,100.3,Medium,blue
1598,607,95.5,Medium,blue
1618,669,106.8,Large,lawngreen
1674,697,98.8,Medium,blue
1563,614,91.2,Small,red
1728,742,102.7,Large,lawngreen
1590,671,99.5,Medium,blue
1636,577,83.4,2X-Small,pink
1655,803,97.2,Medium,blue
1707,634,92.8,Small,red
1676,681,89.1,Extra Small,yellow
1633,734,99.8,Medium,blue
1607,672,98.3,Medium,blue
1618,662,91.9,Small,red
1708,703,91.6,Small,red
1735,709,92.0,Small,red
1715,586,85.5,Extra Small,yellow
1570,493,92.3,Small,red
1642,733,98.8,Medium,blue
1788,996,109.8,Large,lawngreen
1600,648,91.3,Small,red
1675,729,93.6,Small,red
1634,902,109.3,Large,lawngreen
1576,754,103.7,Large,lawngreen
1599,654,90.3,Small,red
1598,708,88.3,Extra Small,yellow
1548,647,98.6,Medium,blue
1607,631,92.0,Small,red
1686,666,90.4,Small,red
1640,667,86.5,Extra Small,yellow
1563,497,86.4,Extra Small,yellow
1591,558,84.8,Extra Small,yellow
1678,921,109.7,Large,lawngreen
1670,695,93.7,Small,red
1529,563,94.7,Small,red
1616,603,86.0,Extra Small,yellow
1620,647,95.9,Medium,blue
1510,642,94.5,Small,red
1626,701,102.2,Large,lawngreen
1600,583,85.9,Extra Small,yellow
1679,843,107.6,Large,lawngreen
1600,696,105.5,Large,lawngreen
1618,735,107.2,Large,lawngreen
1629,470,86.3,Extra Small,yellow
1651,608,90.1,Small,red
1596,515,79.1,2X-Small,pink
1654,717,98.3,Medium,blue
1776,889,103.5,Large,lawngreen
1546,532,84.5,Extra Small,yellow
1676,747,99.0,Medium,blue
1585,622,92.4,Small,red
1594,574,89.9,Extra Small,yellow
1629,565,87.0,Extra Small,yellow
1581,646,97.2,Medium,blue
1614,529,85.5,Extra Small,yellow
1559,648,94.7,Small,red
1697,751,96.7,Medium,blue
1674,740,102.6,Large,lawngreen
1692,758,101.8,Medium,blue
1615,554,84.9,Extra Small,yellow
1762,852,104.5,Large,lawngreen
1573,814,98.6,Medium,blue
1674,824,106.4,Large,lawngreen
1531,503,87.4,Extra Small,yellow
1505,607,96.4,Medium,blue
1700,692,85.8,Extra Small,yellow
1539,640,99.2,Medium,blue
1620,650,88.5,Extra Small,yellow
1712,580,82.8,2X-Small,pink
1554,601,92.7,Small,red
1598,601,82.1,2X-Small,pink
1612,664,96.8,Medium,blue
1707,703,85.7,Extra Small,yellow
1611,616,92.2,Small,red
1599,654,96.7,Medium,blue
1569,589,84.8,Extra Small,yellow
1663,524,86.4,Extra Small,yellow
1666,706,96.2,Medium,blue
1659,676,83.7,2X-Small,pink
1543,623,96.5,Medium,blue
1571,628,93.1,Small,red
1618,503,79.5,2X-Small,pink
1610,599,91.0,Small,red
1512,508,78.6,2X-Small,pink
1555,520,78.5,2X-Small,pink
1729,831,105.0,Large,lawngreen
1593,622,96.4,Medium,blue
1609,706,97.3,Medium,blue
1648,667,91.7,Small,red
1631,730,95.3,Medium,blue
1712,842,103.2,Large,lawngreen
1541,549,79.9,2X-Small,pink
1663,609,86.4,Extra Small,yellow
1614,670,99.0,Medium,blue
1598,711,100.6,Medium,blue
1617,655,95.1,Medium,blue
1658,771,99.9,Medium,blue
1642,668,93.5,Small,red
1698,707,90.5,Small,red
1648,757,104.5,Large,lawngreen
1756,857,99.0,Medium,blue
1651,678,92.2,Small,red
1634,630,89.3,Extra Small,yellow
1709,745,88.2,Extra Small,yellow
1686,564,82.8,2X-Small,pink
1645,721,100.9,Medium,blue
1565,646,92.5,Small,red
1537,444,80.5,2X-Small,pink
1511,591,91.8,Small,red
1649,696,94.1,Small,red
1458,445,80.8,2X-Small,pink
1759,726,89.3,Extra Small,yellow
1558,707,90.4,Small,red
1688,643,93.7,Small,red
1581,654,86.9,Extra Small,yellow
1583,626,90.2,Small,red
1643,736,92.6,Small,red
1752,853,103.1,Large,lawngreen
1600,750,94.8,Small,red
1618,797,108.6,Large,lawngreen
1710,837,105.3,Large,lawngreen
1585,590,83.8,2X-Small,pink
1595,512,84.0,Extra Small,yellow
1614,621,94.5,Small,red
1663,810,105.8,Large,lawngreen
1617,614,91.5,Small,red
1596,544,85.3,Extra Small,yellow
1602,603,87.5,Extra Small,yellow
1694,792,102.1,Large,lawngreen
1510,618,101.5,Medium,blue
1534,603,99.5,Medium,blue
1634,885,112.7,X-Large,green
1679,842,103.8,Large,lawngreen
1618,798,101.1,Medium,blue
1658,634,90.8,Small,red
1643,561,87.0,Extra Small,yellow
1652,774,99.2,Medium,blue
1615,730,98.8,Medium,blue
1674,850,102.2,Large,lawngreen
1527,643,99.5,Medium,blue
1518,505,87.7,Extra Small,yellow
1653,729,84.0,Extra Small,yellow
1659,835,103.5,Large,lawngreen
1570,463,80.7,2X-Small,pink
1570,802,106.3,Large,lawngreen
1653,951,115.3,X-Large,green
1712,582,81.5,2X-Small,pink
1519,703,99.9,Medium,blue
1702,1019,114.5,X-Large,green
1627,645,91.5,Small,red
1516,721,106.5,Large,lawngreen
1583,661,103.2,Large,lawngreen
1647,589,89.6,Extra Small,yellow
1594,528,83.7,2X-Small,pink
1617,623,91.3,Small,red
1674,896,118.8,X-Large,green
1605,833,103.0,Large,lawngreen
1649,916,113.9,X-Large,green
1603,677,86.9,Extra Small,yellow
1620,535,77.3,2X-Small,pink
1584,712,105.2,Large,lawngreen
1579,527,86.0,Extra Small,yellow
1608,721,104.5,Large,lawngreen
1656,589,93.2,Small,red
1639,731,95.3,Medium,blue
1630,620,85.4,Extra Small,yellow
1615,695,103.3,Large,lawngreen
1584,620,93.9,Small,red
1664,669,95.4,Medium,blue
1545,543,89.3,Extra Small,yellow
1688,648,86.7,Extra Small,yellow
1673,625,84.2,Extra Small,yellow
1647,643,86.6,Extra Small,yellow
1637,736,95.7,Medium,blue
1787,824,103.6,Large,lawngreen
1503,701,99.2,Medium,blue
1562,699,104.0,Large,lawngreen
1558,754,102.1,Large,lawngreen
1576,647,94.6,Small,red
1628,666,96.1,Medium,blue
1748,831,110.0,Large,lawngreen
1572,632,99.4,Medium,blue
1743,746,93.7,Small,red
1561,589,92.0,Small,red
1623,643,92.5,Small,red
1649,705,96.5,Medium,blue
1661,760,107.4,Large,lawngreen
1668,680,97.6,Medium,blue
1722,695,94.1,Small,red
1674,868,104.5,Large,lawngreen
1663,653,90.2,Small,red
1543,804,100.1,Medium,blue
1561,673,93.5,Small,red
1587,516,80.2,2X-Small,pink
1495,526,92.8,Small,red
1645,914,112.9,X-Large,green
1653,919,106.1,Large,lawngreen
1685,757,100.5,Medium,blue
1569,717,104.8,Large,lawngreen
1656,738,91.5,Small,red
1672,769,92.0,Small,red
1622,692,93.2,Small,red
1664,609,89.4,Extra Small,yellow
1636,596,85.4,Extra Small,yellow
1666,740,104.5,Large,lawngreen
1558,804,105.6,Large,lawngreen
1674,934,109.3,Large,lawngreen
1534,568,95.2,Medium,blue
1630,626,84.7,Extra Small,yellow
1671,738,100.5,Medium,blue
1789,808,96.8,Medium,blue
1553,624,85.2,Extra Small,yellow
1673,775,101.0,Medium,blue
1598,631,90.2,Small,red
1798,875,99.0,Medium,blue
1641,650,88.8,Extra Small,yellow
1718,650,84.8,Extra Small,yellow
1568,638,100.1,Medium,blue
1652,642,92.3,Small,red
1676,698,95.4,Medium,blue
1595,831,108.3,Large,lawngreen
1697,962,105.3,Large,lawngreen
1703,930,116.7,X-Large,green
1567,489,82.6,2X-Small,pink
1554,536,81.8,2X-Small,pink
1645,629,93.0,Small,red
1625,510,81.8,2X-Small,pink
1560,654,96.6,Medium,blue
1501,588,94.6,Small,red
1617,650,93.1,Small,red
1660,679,91.3,Small,red
1635,719,105.3,Large,lawngreen
1621,920,98.4,Medium,blue
1596,618,92.0,Small,red
1649,712,95.1,Medium,blue
1590,643,92.1,Small,red
1630,793,93.5,Small,red
1505,575,90.3,Small,red
1590,686,97.9,Medium,blue
1613,688,88.2,Extra Small,yellow
1620,778,98.1,Medium,blue
1687,765,105.3,Large,lawngreen
1613,590,88.7,Extra Small,yellow
1648,626,96.4,Medium,blue
1820,908,101.6,Medium,blue
1613,500,86.3,Extra Small,yellow
1719,688,97.8,Medium,blue
1543,567,92.6,Small,red
1674,622,91.3,Small,red
1662,707,98.1,Medium,blue
1612,685,94.5,Small,red
1605,571,83.6,2X-Small,pink
1560,846,111.2,Large,lawngreen
1664,618,81.4,2X-Small,pink
1662,672,94.3,Small,red
1620,692,92.4,Small,red
1567,469,76.4,2X-Small,pink
1689,674,87.3,Extra Small,yellow
1576,529,84.5,Extra Small,yellow
1596,644,86.1,Extra Small,yellow
1684,819,102.3,Large,lawngreen
1702,683,90.8,Small,red
1745,582,85.2,Extra Small,yellow
1599,532,86.1,Extra Small,yellow
1628,703,98.5,Medium,blue
1651,807,103.7,Large,lawngreen
1592,569,88.6,Extra Small,yellow
1587,504,89.7,Extra Small,yellow
1628,743,95.5,Medium,blue
1627,648,91.8,Small,red
1617,652,94.9,Small,red
1582,548,83.0,2X-Small,pink
1537,561,89.7,Extra Small,yellow
1629,663,91.6,Small,red
1640,577,90.0,Small,red
1675,790,93.4,Small,red
1592,671,99.6,Medium,blue
1633,691,102.0,Large,lawngreen
1733,773,91.9,Small,red
1610,622,89.3,Extra Small,yellow
1566,620,94.3,Small,red
1639,691,99.0,Medium,blue
1580,626,88.5,Extra Small,yellow
1557,587,87.3,Extra Small,yellow
1683,694,91.3,Small,red
1597,647,93.0,Small,red
1598,621,88.3,Extra Small,yellow
1613,698,95.6,Medium,blue
1649,656,83.5,2X-Small,pink
1672,602,84.7,Extra Small,yellow
1713,743,89.1,Extra Small,yellow
1641,744,103.2,Large,lawngreen
1612,633,92.8,Small,red
1596,621,89.2,Extra Small,yellow
1442,467,82.1,2X-Small,pink
1555,639,97.8,Medium,blue
1497,579,91.5,Small,red
1612,708,97.3,Medium,blue
1690,698,91.1,Small,red
1634,654,98.1,Medium,blue
1509,542,90.0,Small,red
1582,593,86.2,Extra Small,yellow
1465,497,90.9,Small,red
1545,526,91.3,Small,red
1475,480,82.5,2X-Small,pink
1633,557,95.1,Medium,blue
1631,724,97.6,Medium,blue
1626,661,94.5,Small,red
1533,794,105.7,Large,lawngreen
1553,572,90.4,Small,red
1752,785,94.6,Small,red
1618,676,97.6,Medium,blue
1634,530,88.7,Extra Small,yellow
1689,777,99.1,Medium,blue
1534,524,87.7,Extra Small,yellow
1629,601,90.0,Small,red
1628,559,89.3,Extra Small,yellow
1603,530,84.5,Extra Small,yellow
1547,578,88.0,Extra Small,yellow
1585,644,101.0,Medium,blue
1638,693,101.6,Medium,blue
1754,849,103.3,Large,lawngreen
1623,607,89.5,Extra Small,yellow
1614,623,91.9,Small,red
1676,601,87.0,Extra Small,yellow
1560,516,82.5,2X-Small,pink
1637,505,79.2,2X-Small,pink
1542,532,89.2,Extra Small,yellow
1536,566,90.4,Small,red
1613,732,94.5,Small,red
1595,576,90.8,Small,red
1659,807,100.5,Medium,blue
1564,622,89.5,Extra Small,yellow
1686,726,101.4,Medium,blue
1678,711,97.8,Medium,blue
1573,572,97.5,Medium,blue
1589,623,88.9,Extra Small,yellow
1621,602,88.4,Extra Small,yellow
1679,805,113.5,X-Large,green
1598,561,91.4,Small,red
1713,520,76.6,2X-Small,pink
1550,578,88.0,Extra Small,yellow
1583,580,83.4,2X-Small,pink
1540,612,83.4,2X-Small,pink
1541,585,93.6,Small,red
1622,875,105.2,Large,lawngreen
1793,773,101.5,Medium,blue
1713,755,102.6,Large,lawngreen
1603,678,104.3,Large,lawngreen
1711,888,106.2,Large,lawngreen
1641,665,92.1,Small,red
1494,580,96.3,Medium,blue
1672,665,102.9,Large,lawngreen
1616,649,88.4,Extra Small,yellow
1585,673,98.3,Medium,blue
1612,744,106.5,Large,lawngreen
1663,576,86.9,Extra Small,yellow
1656,735,100.4,Medium,blue
1598,636,94.0,Small,red
1545,432,77.0,2X-Small,pink
1634,747,107.2,Large,lawngreen
1704,669,97.1,Medium,blue
1664,826,110.0,Large,lawngreen
1522,578,87.3,Extra Small,yellow
1646,637,90.7,Small,red
1557,758,101.9,Medium,blue
1625,594,95.0,Medium,blue
1671,872,114.3,X-Large,green
1535,693,97.0,Medium,blue
1591,500,90.3,Small,red
1567,567,91.6,Small,red
1540,589,86.8,Extra Small,yellow
1573,640,98.7,Medium,blue
1637,683,94.2,Small,red
1604,566,90.8,Small,red
1740,632,88.1,Extra Small,yellow
1563,591,88.2,Extra Small,yellow
1773,760,90.7,Small,red
1672,664,96.6,Medium,blue
1564,658,93.1,Small,red
1600,710,96.8,Medium,blue
1586,551,83.0,2X-Small,pink
1566,593,88.3,Extra Small,yellow
1683,661,95.9,Medium,blue
1613,658,91.0,Small,red
1572,634,94.0,Small,red
1584,480,86.9,Extra Small,yellow
1706,660,90.0,Small,red
1620,601,88.7,Extra Small,yellow
1640,546,80.7,2X-Small,pink
1711,1166,126.6,XX-Large,slategray
1641,793,104.2,Large,lawngreen
1567,454,79.1,2X-Small,pink
1629,499,81.4,2X-Small,pink
1479,358,69.5,2X-Small,pink
1663,700,91.2,Small,red
1749,770,93.4,Small,red
1592,649,98.4,Medium,blue
1591,550,88.7,Extra Small,yellow
1710,875,108.1,Large,lawngreen
1684,768,101.2,Medium,blue
1625,763,101.8,Medium,blue
1666,650,93.5,Small,red
1576,555,89.6,Extra Small,yellow
1685,755,103.6,Large,lawngreen
1629,548,85.0,Extra Small,yellow
1637,705,92.6,Small,red
1597,548,88.8,Extra Small,yellow
1676,763,96.7,Medium,blue
1672,784,102.6,Large,lawngreen
1707,698,92.0,Small,red
1649,650,87.9,Extra Small,yellow
1615,794,97.2,Medium,blue
1629,897,115.7,X-Large,green
1615,525,85.0,Extra Small,yellow
1537,772,97.6,Medium,blue
1663,657,89.9,Extra Small,yellow
1582,537,88.8,Extra Small,yellow
1499,667,101.0,Medium,blue
1771,833,101.0,Medium,blue
1545,599,96.7,Medium,blue
1603,649,97.5,Medium,blue
1580,788,106.6,Large,lawngreen
1608,752,106.2,Large,lawngreen
1561,643,94.1,Small,red
1642,613,88.0,Extra Small,yellow
1600,847,102.7,Large,lawngreen
1591,687,95.3,Medium,blue
1697,697,99.7,Medium,blue
1691,602,87.0,Extra Small,yellow
1563,631,95.6,Medium,blue
1598,952,115.2,X-Large,green
1631,513,79.5,2X-Small,pink
1648,694,93.7,Small,red
1496,509,82.6,2X-Small,pink
1522,520,87.8,Extra Small,yellow
1769,889,104.7,Large,lawngreen
1761,785,90.0,Small,red
1618,678,97.6,Medium,blue
1612,644,91.2,Small,red
1653,657,94.0,Small,red
1598,661,95.5,Medium,blue
1770,925,113.0,X-Large,green
1566,611,100.1,Medium,blue
1668,611,96.1,Medium,blue
1614,797,97.3,Medium,blue
1673,682,102.1,Large,lawngreen
1588,489,84.0,Extra Small,yellow
1534,669,105.3,Large,lawngreen
1490,617,88.8,Extra Small,yellow
1611,706,95.5,Medium,blue
1599,611,90.9,Small,red
1645,662,100.1,Medium,blue
1571,532,91.0,Small,red
1657,616,93.3,Small,red
1641,737,97.4,Medium,blue
1710,657,94.7,Small,red
1674,671,98.6,Medium,blue
1561,831,118.0,X-Large,green
1664,866,110.0,Large,lawngreen
1743,1054,110.1,Large,lawngreen
1681,920,108.0,Large,lawngreen
1498,617,91.3,Small,red
1595,772,102.6,Large,lawngreen
1771,777,104.7,Large,lawngreen
1585,802,111.3,Large,lawngreen
1819,953,108.0,Large,lawngreen
1683,870,109.4,Large,lawngreen
1686,730,97.4,Medium,blue
1703,877,109.6,Large,lawngreen
1707,823,97.6,Medium,blue
1678,831,107.8,Large,lawngreen
1646,599,88.6,Extra Small,yellow
1676,725,96.2,Medium,blue
1703,630,87.2,Extra Small,yellow
1609,623,90.1,Small,red
1636,821,110.0,Large,lawngreen
1625,624,91.0,Small,red
1615,567,88.3,Extra Small,yellow
1603,675,106.0,Large,lawngreen
1641,623,84.6,Extra Small,yellow
1697,644,92.0,Small,red
1571,626,92.6,Small,red
1548,713,94.6,Small,red
1633,630,89.9,Extra Small,yellow
1667,820,103.2,Large,lawngreen
1584,762,104.3,Large,lawngreen
1642,697,92.9,Small,red
1736,910,109.8,Large,lawngreen
1671,801,96.5,Medium,blue
1595,683,91.2,Small,red
1716,769,96.4,Medium,blue
1574,601,87.9,Extra Small,yellow
1610,821,105.4,Large,lawngreen
1643,842,94.7,Small,red
1697,791,99.2,Medium,blue
1501,575,94.1,Small,red
1632,568,88.4,Extra Small,yellow
1654,720,101.5,Medium,blue
1571,521,78.7,2X-Small,pink
1596,689,103.1,Large,lawngreen
1589,652,88.1,Extra Small,yellow
1650,827,113.1,X-Large,green
1611,662,92.7,Small,red
1632,715,97.1,Medium,blue
1729,973,122.0,X-Large,green
1533,450,80.0,2X-Small,pink
1611,504,79.3,2X-Small,pink
1650,577,84.8,Extra Small,yellow
1473,562,93.2,Small,red
1700,728,94.1,Small,red
1692,722,94.0,Small,red
1611,560,82.6,2X-Small,pink
1734,824,99.0,Medium,blue
1692,825,104.7,Large,lawngreen
1647,995,107.1,Large,lawngreen
1599,988,122.2,X-Large,green
1614,815,110.2,Large,lawngreen
1549,723,95.0,Medium,blue
1634,736,95.7,Medium,blue
1760,698,95.1,Medium,blue
1683,766,102.6,Large,lawngreen
1618,651,90.0,Small,red
1565,518,80.0,2X-Small,pink
1592,549,86.8,Extra Small,yellow
1636,576,86.2,Extra Small,yellow
1538,583,91.4,Small,red
1648,670,88.3,Extra Small,yellow
1645,631,93.6,Small,red
1623,627,88.0,Extra Small,yellow
1611,676,94.1,Small,red
1602,534,87.2,Extra Small,yellow
1670,748,100.8,Medium,blue
1643,644,91.5,Small,red
1628,677,97.9,Medium,blue
1575,620,90.4,Small,red
1613,536,83.4,2X-Small,pink
1598,599,86.8,Extra Small,yellow
1610,644,89.8,Extra Small,yellow
1597,536,82.2,2X-Small,pink
1590,882,108.6,Large,lawngreen
1688,646,93.0,Small,red
1502,662,93.6,Small,red
1593,698,91.5,Small,red
1607,677,103.6,Large,lawngreen
1625,586,88.1,Extra Small,yellow
1525,526,88.6,Extra Small,yellow
1563,564,89.4,Extra Small,yellow
1734,765,92.3,Small,red
1734,871,99.6,Medium,blue
1728,682,92.0,Small,red
1661,629,89.3,Extra Small,yellow
1703,568,87.2,Extra Small,yellow
1702,680,97.1,Medium,blue
1772,669,91.1,Small,red
1626,712,92.8,Small,red
1661,781,99.9,Medium,blue
1549,675,96.6,Medium,blue
1634,663,93.8,Small,red
1661,793,101.6,Medium,blue
1564,604,94.6,Small,red
1664,732,107.5,Large,lawngreen
1553,712,104.4,Large,lawngreen
1700,722,90.9,Small,red
1542,610,92.6,Small,red
1743,817,98.7,Medium,blue
1623,799,98.0,Medium,blue
1590,602,84.5,Extra Small,yellow
1604,584,88.2,Extra Small,yellow
1627,601,87.2,Extra Small,yellow
1718,834,101.4,Medium,blue
1705,973,117.3,X-Large,green
1561,557,85.7,Extra Small,yellow
1661,553,80.3,2X-Small,pink
1620,526,84.1,Extra Small,yellow
1660,614,85.7,Extra Small,yellow
1697,894,108.3,Large,lawngreen
1699,893,106.6,Large,lawngreen
1740,702,90.1,Small,red
1701,738,103.0,Large,lawngreen
1707,601,90.0,Small,red
1560,782,99.8,Medium,blue
1483,442,78.0,2X-Small,pink
1587,476,80.2,2X-Small,pink
1579,642,90.7,Small,red
1659,737,94.0,Small,red
1684,776,97.2,Medium,blue
1593,620,90.0,Small,red
1589,646,95.3,Medium,blue
1683,697,94.5,Small,red
1704,724,95.3,Medium,blue
1736,697,102.2,Large,lawngreen
1633,620,92.7,Small,red
1724,884,101.3,Medium,blue
1487,712,100.1,Medium,blue
1560,684,101.8,Medium,blue
1561,623,97.8,Medium,blue
1618,614,93.0,Small,red
1604,551,93.0,Small,red
1658,1121,114.1,X-Large,green
1658,749,97.0,Medium,blue
1591,709,95.6,Medium,blue
1638,588,87.2,Extra Small,yellow
1751,876,100.3,Medium,blue
1587,597,85.7,Extra Small,yellow
1540,680,104.4,Large,lawngreen
1576,707,100.9,Medium,blue
1737,686,92.0,Small,red
1573,624,90.1,Small,red
1622,610,90.3,Small,red
1588,582,89.1,Extra Small,yellow
1548,489,84.3,Extra Small,yellow
1662,696,93.8,Small,red
1718,795,97.6,Medium,blue
1519,600,88.5,Extra Small,yellow
1573,640,95.0,Medium,blue
1566,712,93.2,Small,red
1529,475,82.0,2X-Small,pink
1585,735,90.9,Small,red
1611,546,89.3,Extra Small,yellow
1610,562,92.5,Small,red
1541,582,94.7,Small,red
1766,812,99.9,Medium,blue
1626,518,83.8,2X-Small,pink
1644,523,85.2,Extra Small,yellow
1679,756,102.3,Large,lawngreen
1743,674,91.2,Small,red
1658,552,82.5,2X-Small,pink
1610,690,103.1,Large,lawngreen
1675,636,89.3,Extra Small,yellow
1637,641,95.1,Medium,blue
1628,701,93.4,Small,red
1645,793,100.4,Medium,blue
1595,660,95.7,Medium,blue
1731,931,111.7,Large,lawngreen
1567,661,96.0,Medium,blue
1628,510,78.0,2X-Small,pink
1688,686,91.6,Small,red
1706,839,106.3,Large,lawngreen
1543,652,89.3,Extra Small,yellow
1665,920,110.2,Large,lawngreen
1690,667,90.0,Small,red
1471,464,82.3,2X-Small,pink
1616,627,94.3,Small,red
1753,593,90.1,Small,red
1626,508,79.5,2X-Small,pink
1698,727,94.4,Small,red
1545,583,97.0,Medium,blue
1759,669,94.2,Small,red
1732,842,104.1,Large,lawngreen
1587,601,88.4,Extra Small,yellow
1605,609,92.0,Small,red
1530,687,94.3,Small,red
1598,549,88.7,Extra Small,yellow
1524,452,82.6,2X-Small,pink
1683,835,105.5,Large,lawngreen
1577,641,90.1,Small,red
1583,588,90.6,Small,red
1582,563,87.8,Extra Small,yellow
1569,702,101.6,Medium,blue
1651,779,101.5,Medium,blue
1463,626,99.8,Medium,blue
1659,992,119.8,X-Large,green
1596,626,88.3,Extra Small,yellow
1600,713,105.0,Large,lawngreen
1557,528,87.2,Extra Small,yellow
1565,552,89.6,Extra Small,yellow
1525,622,96.2,Medium,blue
1613,612,86.3,Extra Small,yellow
1674,529,81.4,2X-Small,pink
1614,748,99.6,Medium,blue
1558,582,89.8,Extra Small,yellow
1774,790,94.2,Small,red
1633,618,92.2,Small,red
1611,716,99.2,Medium,blue
1768,692,95.8,Medium,blue
1578,635,97.3,Medium,blue
1619,704,91.7,Small,red
1681,668,94.6,Small,red
1613,535,84.1,Extra Small,yellow
1575,615,96.7,Medium,blue
1648,751,101.8,Medium,blue
1590,546,86.7,Extra Small,yellow
1609,695,97.3,Medium,blue
1625,773,99.0,Medium,blue
1676,751,101.2,Medium,blue
1623,700,104.0,Large,lawngreen
1612,502,82.9,2X-Small,pink
1720,717,98.4,Medium,blue
1567,644,91.0,Small,red
1770,1072,120.3,X-Large,green
1668,940,119.6,X-Large,green
1588,764,96.8,Medium,blue
1616,897,114.0,X-Large,green
1593,777,109.1,Large,lawngreen
1572,497,87.0,Extra Small,yellow
1674,662,91.3,Small,red
1652,696,104.9,Large,lawngreen
1664,844,107.1,Large,lawngreen
1691,647,91.0,Small,red
1657,780,101.9,Medium,blue
1704,773,96.5,Medium,blue
1654,734,95.2,Medium,blue
1578,695,98.2,Medium,blue
1645,707,103.5,Large,lawngreen
1631,936,114.2,X-Large,green
1561,857,105.5,Large,lawngreen
1516,573,91.4,Small,red
1749,676,93.0,Small,red
1715,855,100.6,Medium,blue
1600,549,92.9,Small,red
1683,588,87.2,Extra Small,yellow
1557,715,98.3,Medium,blue
1548,580,87.3,Extra Small,yellow
1714,697,93.4,Small,red
1649,685,100.6,Medium,blue
1528,586,90.7,Small,red
1596,842,110.1,Large,lawngreen
1658,909,106.8,Large,lawngreen
1701,1047,116.8,X-Large,green
1683,663,89.6,Extra Small,yellow
1634,766,115.4,X-Large,green
1695,715,94.1,Small,red
1548,591,89.8,Extra Small,yellow
1587,665,95.2,Medium,blue
1549,676,99.1,Medium,blue
1606,792,109.1,Large,lawngreen
1508,652,100.5,Medium,blue
1733,753,93.1,Small,red
1560,517,88.6,Extra Small,yellow
1739,865,106.0,Large,lawngreen
1629,732,95.2,Medium,blue
1609,741,92.3,Small,red
1740,906,109.3,Large,lawngreen
1678,845,94.3,Small,red
1545,631,97.4,Medium,blue
1809,898,111.3,Large,lawngreen
1764,970,109.0,Large,lawngreen
1606,663,94.0,Small,red
1567,594,95.2,Medium,blue
1594,657,105.9,Large,lawngreen
1587,786,112.5,X-Large,green
1573,520,83.7,2X-Small,pink
1624,641,92.0,Small,red
1635,798,103.7,Large,lawngreen
1580,740,102.1,Large,lawngreen
1691,641,93.5,Small,red
1656,803,107.2,Large,lawngreen
1615,714,108.9,Large,lawngreen
1749,924,97.3,Medium,blue
1561,668,104.2,Large,lawngreen
1674,678,92.5,Small,red
1721,577,86.5,Extra Small,yellow
1704,687,103.0,Large,lawngreen
1636,758,103.8,Large,lawngreen
1583,652,104.7,Large,lawngreen
1604,699,99.4,Medium,blue
1533,474,80.2,2X-Small,pink
1594,558,93.1,Small,red
1719,768,99.0,Medium,blue
1687,832,108.2,Large,lawngreen
1613,717,101.6,Medium,blue
1644,762,109.3,Large,lawngreen
1616,632,92.2,Small,red
1641,610,90.2,Small,red
